resonance,index,E_GeV,factor,frac_error
4,2, 2.10000000000000009E+000, 9.56741216458563470E-001, 1.26922804425297521E-004
4,3, 2.15010000000000012E+000, 9.56382345902155095E-001, 1.29044345849186400E-004
4,4, 2.22000000000000020E+000, 9.55892988833507373E-001, 1.31916394913105705E-004
4,5, 2.25999999999999979E+000, 9.55616937549316536E-001, 1.33540135891077280E-004
4,6, 2.29999999999999982E+000, 9.55347283081456444E-001, 1.35098516370733715E-004
4,7, 2.39999999999999991E+000, 9.54685913049040935E-001, 1.38917132417189557E-004
4,8, 2.45000000000000018E+000, 9.54362694508682052E-001, 1.40773154810181969E-004
4,9, 2.50000000000000000E+000, 9.54045947599314825E-001, 1.42571199204674648E-004
4,10, 2.54999999999999982E+000, 9.53733410243297386E-001, 1.44343147371953654E-004
4,11, 2.60000000000000009E+000, 9.53425950963761704E-001, 1.46075767307072033E-004
4,12, 2.64999999999999991E+000, 9.53123291630943004E-001, 1.47770386995279223E-004
4,13, 2.70000000000000018E+000, 9.52824468003153680E-001, 1.49439795998645243E-004
4,14, 2.75000000000000000E+000, 9.52530923970812959E-001, 1.51061996828242613E-004
4,15, 2.79999999999999982E+000, 9.52240120451458338E-001, 1.52672678867593045E-004
4,16, 2.85000000000000009E+000, 9.51955179160269616E-001, 1.54227632160137496E-004
4,17, 2.89999999999999991E+000, 9.51672783625368113E-001, 1.55772856770743909E-004
4,18, 2.91000000000000014E+000, 9.51617122536371207E-001, 1.56073877611146306E-004
4,19, 2.91999999999999993E+000, 9.51561528444513804E-001, 1.56374926012053337E-004
4,20, 2.93000000000000016E+000, 9.51506004546443962E-001, 1.56675971785069055E-004
4,21, 2.93999999999999995E+000, 9.51450546775523320E-001, 1.56977030242144873E-004
4,22, 2.95000000000000018E+000, 9.51395158337337343E-001, 1.57278100957220076E-004
4,23, 2.95999999999999996E+000, 9.51339835174479620E-001, 1.57579199245510150E-004
4,24, 2.97000000000000020E+000, 9.51284580501218557E-001, 1.57880294912409732E-004
4,25, 2.97199999999999998E+000, 9.51273537167368732E-001, 1.57940512596650668E-004
4,26, 2.97400000000000020E+000, 9.51262496480523634E-001, 1.58000730844670662E-004
4,27, 2.97599999999999998E+000, 9.51251458437391118E-001, 1.58060964411360465E-004
4,28, 2.97800000000000020E+000, 9.51240423034686366E-001, 1.58121183593090491E-004
4,29, 2.97999999999999998E+000, 9.51229390269130337E-001, 1.58181403274126138E-004
4,30, 2.98200000000000021E+000, 9.51218503652468628E-001, 1.58239613835127083E-004
4,31, 2.98399999999999999E+000, 9.51207619664766302E-001, 1.58297824865108407E-004
4,32, 2.98600000000000021E+000, 9.51196736486141337E-001, 1.58356036580148917E-004
4,33, 2.98799999999999999E+000, 9.51185859563217773E-001, 1.58414233512274246E-004
4,34, 2.99000000000000021E+000, 9.51174981626272453E-001, 1.58472446100751794E-004
4,35, 2.99900000000000011E+000, 9.51126070502551935E-001, 1.58734408013815661E-004
4,36, 3.00499999999999989E+000, 9.51093491160560855E-001, 1.58909054690527625E-004
4,37, 3.00800000000000001E+000, 9.51077212059152077E-001, 1.58996364543108001E-004
4,38, 3.00999999999999979E+000, 9.51066361953947892E-001, 1.59054581672115095E-004
4,39, 3.01200000000000001E+000, 9.51055512616214682E-001, 1.59112799487190796E-004
4,40, 3.01399999999999979E+000, 9.51044667675778554E-001, 1.59171017554944258E-004
4,41, 3.01600000000000001E+000, 9.51033825312979975E-001, 1.59229236092033960E-004
4,42, 3.01799999999999979E+000, 9.51022985524667352E-001, 1.59287440212854133E-004
4,43, 3.02000000000000002E+000, 9.51012148307695315E-001, 1.59345659688599672E-004
4,44, 3.02099999999999991E+000, 9.51006729754259039E-001, 1.59374769678542278E-004
4,45, 3.02199999999999980E+000, 9.51001313658924596E-001, 1.59403879698509233E-004
4,46, 3.02300000000000013E+000, 9.50995896388419193E-001, 1.59432989923278292E-004
4,47, 3.02400000000000002E+000, 9.50990481575222923E-001, 1.59462100113185725E-004
4,48, 3.02499999999999991E+000, 9.50985065586084088E-001, 1.59491210572640509E-004
4,49, 3.02599999999999980E+000, 9.50979650237045893E-001, 1.59520321149478854E-004
4,50, 3.02700000000000014E+000, 9.50974237344130890E-001, 1.59549431691431422E-004
4,51, 3.02800000000000002E+000, 9.50968823274119690E-001, 1.59578542568034997E-004
4,52, 3.02899999999999991E+000, 9.50963411659442981E-001, 1.59607653344631331E-004
4,53, 3.02999999999999980E+000, 9.50957998866902687E-001, 1.59636764391037609E-004
4,54, 3.03100000000000014E+000, 9.50952588528909848E-001, 1.59665860451146529E-004
4,55, 3.03200000000000003E+000, 9.50947177012287814E-001, 1.59694986683582162E-004
4,56, 3.03299999999999992E+000, 9.50941766133046151E-001, 1.59724098082179481E-004
4,57, 3.03399999999999981E+000, 9.50936357707173996E-001, 1.59753194559346525E-004
4,58, 3.03500000000000014E+000, 9.50930948101527229E-001, 1.59782321079015828E-004
4,59, 3.03600000000000003E+000, 9.50925540948466930E-001, 1.59811417790776115E-004
4,60, 3.03699999999999992E+000, 9.50920132614870406E-001, 1.59840529658977906E-004
4,61, 3.03799999999999981E+000, 9.50914724916722687E-001, 1.59869641709463518E-004
4,62, 3.03900000000000015E+000, 9.50909319669990039E-001, 1.59898753659817123E-004
4,63, 3.04000000000000004E+000, 9.50903913241581078E-001, 1.59927865880271023E-004
4,64, 3.04099999999999993E+000, 9.50898509263807479E-001, 1.59956978065412838E-004
4,65, 3.04199999999999982E+000, 9.50893104103599951E-001, 1.59986090520549318E-004
4,66, 3.04300000000000015E+000, 9.50887701393250406E-001, 1.60015202940395857E-004
4,67, 3.04400000000000004E+000, 9.50882297499710316E-001, 1.60044315630481686E-004
4,68, 3.04499999999999993E+000, 9.50876894238932291E-001, 1.60073428503087312E-004
4,69, 3.04599999999999982E+000, 9.50871493426848513E-001, 1.60102541209959301E-004
4,70, 3.04700000000000015E+000, 9.50866091430442872E-001, 1.60131639365506545E-004
4,71, 3.04800000000000004E+000, 9.50860690065653436E-001, 1.60160767477237237E-004
4,72, 3.04899999999999993E+000, 9.50855291148398285E-001, 1.60189880601510853E-004
4,73, 3.04999999999999982E+000, 9.50849892861986956E-001, 1.60218978956215113E-004
4,74, 3.05100000000000016E+000, 9.50844493389750633E-001, 1.60248107355225066E-004
4,75, 3.05200000000000005E+000, 9.50839094547608066E-001, 1.60277206097755924E-004
4,76, 3.05299999999999994E+000, 9.50833698151458240E-001, 1.60306319691592378E-004
4,77, 3.05399999999999983E+000, 9.50828300568359985E-001, 1.60335433556072529E-004
4,78, 3.05500000000000016E+000, 9.50822903614217840E-001, 1.60364547602924402E-004
4,79, 3.05600000000000005E+000, 9.50817509104916136E-001, 1.60393661549007571E-004
4,80, 3.05699999999999994E+000, 9.50812115223803822E-001, 1.60422775547466135E-004
4,81, 3.05799999999999983E+000, 9.50806720154250384E-001, 1.60451889946725050E-004
4,82, 3.05900000000000016E+000, 9.50801325712141709E-001, 1.60481004398369876E-004
4,83, 3.06000000000000005E+000, 9.50795933713342811E-001, 1.60510118814151409E-004
4,84, 3.06050000000000022E+000, 9.50793237948972081E-001, 1.60524676033564032E-004
4,85, 3.06099999999999994E+000, 9.50790540524987460E-001, 1.60539233500730296E-004
4,86, 3.06150000000000011E+000, 9.50787845073818638E-001, 1.60553790843878305E-004
4,87, 3.06199999999999983E+000, 9.50785147962946886E-001, 1.60568348304757579E-004
4,88, 3.06250000000000000E+000, 9.50782452824792013E-001, 1.60582905706663519E-004
4,89, 3.06300000000000017E+000, 9.50779757843072004E-001, 1.60597463072895385E-004
4,90, 3.06349999999999989E+000, 9.50777063017740787E-001, 1.60612005646052310E-004
4,91, 3.06400000000000006E+000, 9.50774368348750953E-001, 1.60626563070977651E-004
4,92, 3.06449999999999978E+000, 9.50771672019836367E-001, 1.60641135631251858E-004
4,93, 3.06499999999999995E+000, 9.50768977663390968E-001, 1.60655693179969993E-004
4,94, 3.06550000000000011E+000, 9.50766281646932776E-001, 1.60670235958909385E-004
4,95, 3.06599999999999984E+000, 9.50763587602844962E-001, 1.60684793566357099E-004
4,96, 3.06650000000000000E+000, 9.50760893714864719E-001, 1.60699351137961116E-004
4,97, 3.06700000000000017E+000, 9.50758199982944974E-001, 1.60713908804215088E-004
4,98, 3.06749999999999989E+000, 9.50755504590835132E-001, 1.60728481540735844E-004
4,99, 3.06800000000000006E+000, 9.50752811170898937E-001, 1.60743024312964757E-004
4,100, 3.06849999999999978E+000, 9.50750117906883130E-001, 1.60757582067200678E-004
4,101, 3.06899999999999995E+000, 9.50747422982544776E-001, 1.60772139939276474E-004
4,102, 3.06950000000000012E+000, 9.50744730030232410E-001, 1.60786697752181122E-004
4,103, 3.06999999999999984E+000, 9.50742037233700654E-001, 1.60801255529306042E-004
4,104, 3.07050000000000001E+000, 9.50739377284291254E-001, 1.60815363093338190E-004
4,105, 3.07100000000000017E+000, 9.50736717490477057E-001, 1.60829485637807394E-004
4,106, 3.07149999999999990E+000, 9.50734057852211989E-001, 1.60843593257023373E-004
4,107, 3.07200000000000006E+000, 9.50731400185629627E-001, 1.60857700750377926E-004
4,108, 3.07249999999999979E+000, 9.50728740858320043E-001, 1.60871808425005634E-004
4,109, 3.07299999999999995E+000, 9.50726081686419700E-001, 1.60885916127325275E-004
4,110, 3.07350000000000012E+000, 9.50723422669882523E-001, 1.60900023857396318E-004
4,111, 3.07399999999999984E+000, 9.50720765624832098E-001, 1.60914131461444444E-004
4,112, 3.07450000000000001E+000, 9.50718106918878814E-001, 1.60928254134759015E-004
4,113, 3.07500000000000018E+000, 9.50715448368149141E-001, 1.60942361947872652E-004
4,114, 3.07549999999999990E+000, 9.50712789972596894E-001, 1.60956469788742435E-004
4,115, 3.07600000000000007E+000, 9.50710131732175889E-001, 1.60970577722414991E-004
4,116, 3.07649999999999979E+000, 9.50707475462997498E-001, 1.60984685399669450E-004
4,117, 3.07699999999999996E+000, 9.50704817532696755E-001, 1.60998793388892025E-004
4,118, 3.07750000000000012E+000, 9.50702159757388698E-001, 1.61012916228317834E-004
4,119, 3.07799999999999985E+000, 9.50699502137026475E-001, 1.61027024207767113E-004
4,120, 3.07850000000000001E+000, 9.50696844671564012E-001, 1.61041132214745939E-004
4,121, 3.07900000000000018E+000, 9.50694189177100468E-001, 1.61055240095619041E-004
4,122, 3.07969999999999988E+000, 9.50690468475854145E-001, 1.61075000437309475E-004
4,123, 3.08000000000000007E+000, 9.50688875020253787E-001, 1.61083471136161947E-004
4,124, 3.08049999999999979E+000, 9.50686218173926401E-001, 1.61097579253985970E-004
4,125, 3.08099999999999996E+000, 9.50683561482268069E-001, 1.61111687464743033E-004
4,126, 3.08150000000000013E+000, 9.50680904945232719E-001, 1.61125795637931054E-004
4,127, 3.08199999999999985E+000, 9.50678250378904188E-001, 1.61139918573129971E-004
4,128, 3.08250000000000002E+000, 9.50675594150974246E-001, 1.61154026801701099E-004
4,129, 3.08300000000000018E+000, 9.50672938077529173E-001, 1.61168135058045747E-004
4,130, 3.08349999999999991E+000, 9.50670282158523339E-001, 1.61182243342048229E-004
4,131, 3.08400000000000007E+000, 9.50667626393910226E-001, 1.61196351719108597E-004
4,132, 3.08449999999999980E+000, 9.50664972599761460E-001, 1.61210474792743353E-004
4,133, 3.08499999999999996E+000, 9.50662317143794233E-001, 1.61224583159974805E-004
4,134, 3.08550000000000013E+000, 9.50659661842082282E-001, 1.61238691554751985E-004
4,135, 3.08586999999999989E+000, 9.50657696582231537E-001, 1.61249128221283770E-004
4,136, 3.08688299999999982E+000, 9.50652318414750508E-001, 1.61277725675993967E-004
4,137, 3.08789600000000020E+000, 9.50646940879724900E-001, 1.61306308356129181E-004
4,138, 3.08890900000000013E+000, 9.50641565792868737E-001, 1.61334890930604123E-004
4,139, 3.08992200000000006E+000, 9.50636189521606778E-001, 1.61363488726511660E-004
4,140, 3.09093499999999999E+000, 9.50630812065575093E-001, 1.61392071901958185E-004
4,141, 3.09194799999999992E+000, 9.50625437056568101E-001, 1.61420669925516492E-004
4,142, 3.09296099999999985E+000, 9.50620062678117161E-001, 1.61449253174184341E-004
4,143, 3.09397399999999978E+000, 9.50614688929843799E-001, 1.61477851425084339E-004
4,144, 3.09498700000000015E+000, 9.50609317627433503E-001, 1.61506434681685403E-004
4,145, 3.09600000000000009E+000, 9.50603943322316236E-001, 1.61535018425844866E-004
4,146, 3.09604999999999997E+000, 9.50603678849877620E-001, 1.61536435264492248E-004
4,147, 3.09609999999999985E+000, 9.50603412562912364E-001, 1.61537852192530934E-004
4,148, 3.09615000000000018E+000, 9.50603148093537964E-001, 1.61539254077736619E-004
4,149, 3.09620000000000006E+000, 9.50602883625696005E-001, 1.61540670851862588E-004
4,150, 3.09624999999999995E+000, 9.50602617343328293E-001, 1.61542087845843914E-004
4,151, 3.09629999999999983E+000, 9.50602352878550882E-001, 1.61543489732093984E-004
4,152, 3.09635000000000016E+000, 9.50602088415305468E-001, 1.61544906507043242E-004
4,153, 3.09640000000000004E+000, 9.50601822137534858E-001, 1.61546323501972838E-004
4,154, 3.09644999999999992E+000, 9.50601557677353437E-001, 1.61547725388800246E-004
4,155, 3.09649999999999981E+000, 9.50601293218704124E-001, 1.61549142164748026E-004
4,156, 3.09655000000000014E+000, 9.50601026945530392E-001, 1.61550544271670590E-004
4,157, 3.09660000000000002E+000, 9.50600762489944850E-001, 1.61551961048088941E-004
4,158, 3.09664999999999990E+000, 9.50600498035891195E-001, 1.61553362936013291E-004
4,159, 3.09665500000000016E+000, 9.50600470137725306E-001, 1.61553515172301401E-004
4,160, 3.09673499999999979E+000, 9.50600045561826534E-001, 1.61555770241220245E-004
4,161, 3.09677099999999994E+000, 9.50599855230373825E-001, 1.61556790939053465E-004
4,162, 3.09679299999999991E+000, 9.50599739017990775E-001, 1.61557400603521382E-004
4,163, 3.09680899999999992E+000, 9.50599654830272089E-001, 1.61557857550246686E-004
4,164, 3.09682000000000013E+000, 9.50599594908244971E-001, 1.61558177458246923E-004
4,165, 3.09682900000000005E+000, 9.50599548687816931E-001, 1.61558421301442450E-004
4,166, 3.09683600000000014E+000, 9.50599510720790852E-001, 1.61558619451033234E-004
4,167, 3.09684299999999979E+000, 9.50599472753794972E-001, 1.61558817600809904E-004
4,168, 3.09684800000000005E+000, 9.50599446672275916E-001, 1.61558954794151634E-004
4,169, 3.09685299999999986E+000, 9.50599420590772404E-001, 1.61559106810900052E-004
4,170, 3.09685699999999997E+000, 9.50599398635947890E-001, 1.61559213680509541E-004
4,171, 3.09686100000000009E+000, 9.50599378497187453E-001, 1.61559320395814889E-004
4,172, 3.09686400000000006E+000, 9.50599362485096466E-001, 1.61559411675835215E-004
4,173, 3.09686800000000018E+000, 9.50599340530298820E-001, 1.61559533434143431E-004
4,174, 3.09687000000000001E+000, 9.50599330460930925E-001, 1.61559579347367581E-004
4,175, 3.09687299999999999E+000, 9.50599314448856481E-001, 1.61559670627510829E-004
4,176, 3.09687599999999996E+000, 9.50599298436787477E-001, 1.61559746953737608E-004
4,177, 3.09687799999999980E+000, 9.50599288367429240E-001, 1.61559807820883214E-004
4,178, 3.09688100000000022E+000, 9.50599272355369562E-001, 1.61559884146995989E-004
4,179, 3.09688300000000005E+000, 9.50599260469963125E-001, 1.61559945103399217E-004
4,180, 3.09688499999999989E+000, 9.50599250400613660E-001, 1.61560005905261189E-004
4,181, 3.09688700000000017E+000, 9.50599240331266526E-001, 1.61560066772585906E-004
4,182, 3.09688900000000000E+000, 9.50599230261921835E-001, 1.61560112620529918E-004
4,183, 3.09689099999999984E+000, 9.50599218376525501E-001, 1.61560173576820172E-004
4,184, 3.09689300000000012E+000, 9.50599208307185695E-001, 1.61560234378802409E-004
4,185, 3.09689499999999995E+000, 9.50599198237848331E-001, 1.61560280292093563E-004
4,186, 3.09689699999999979E+000, 9.50599188168513409E-001, 1.61560341094018988E-004
4,187, 3.09689900000000007E+000, 9.50599176283126623E-001, 1.61560402050371584E-004
4,188, 3.09690099999999990E+000, 9.50599166213796809E-001, 1.61560447963723182E-004
4,189, 3.09690399999999988E+000, 9.50599150201779208E-001, 1.61560539243770396E-004
4,190, 3.09690600000000016E+000, 9.50599140132455389E-001, 1.61560599980471465E-004
4,191, 3.09690900000000013E+000, 9.50599124120447114E-001, 1.61560676437174115E-004
4,192, 3.09691200000000011E+000, 9.50599108108444280E-001, 1.61560767651998437E-004
4,193, 3.09691999999999990E+000, 9.50599066015148431E-001, 1.61560996125468344E-004
4,194, 3.09692800000000013E+000, 9.50599023921891995E-001, 1.61561209645087213E-004
4,195, 3.09693100000000010E+000, 9.50599006093869936E-001, 1.61561301144867188E-004
4,196, 3.09693400000000008E+000, 9.50598990081907624E-001, 1.61561392425051554E-004
4,197, 3.09693599999999991E+000, 9.50598980012620332E-001, 1.61561438273011911E-004
4,198, 3.09693899999999989E+000, 9.50598964000667124E-001, 1.61561529618486227E-004
4,199, 3.09694100000000017E+000, 9.50598953931386270E-001, 1.61561590355143982E-004
4,200, 3.09694300000000000E+000, 9.50598943862107859E-001, 1.61561636268393367E-004
4,201, 3.09694499999999984E+000, 9.50598931976777584E-001, 1.61561697224651447E-004
4,202, 3.09694700000000012E+000, 9.50598921907503835E-001, 1.61561758026715298E-004
4,203, 3.09694899999999995E+000, 9.50598911838232752E-001, 1.61561818828663193E-004
4,204, 3.09695099999999979E+000, 9.50598899952909693E-001, 1.61561864896286135E-004
4,205, 3.09695300000000007E+000, 9.50598889883643494E-001, 1.61561925698294149E-004
4,206, 3.09695499999999990E+000, 9.50598879814379516E-001, 1.61561986500244673E-004
4,207, 3.09695700000000018E+000, 9.50598869745118202E-001, 1.61562032413557321E-004
4,208, 3.09695900000000002E+000, 9.50598857859805246E-001, 1.61562093369938946E-004
4,209, 3.09696199999999999E+000, 9.50598841847894338E-001, 1.61562184650025355E-004
4,210, 3.09696399999999983E+000, 9.50598831778641462E-001, 1.61562230497995388E-004
4,211, 3.09696699999999980E+000, 9.50598815766739658E-001, 1.61562321778201871E-004
4,212, 3.09696999999999978E+000, 9.50598799754843515E-001, 1.61562413123521960E-004
4,213, 3.09697200000000006E+000, 9.50598789685600298E-001, 1.61562458971670019E-004
4,214, 3.09697600000000017E+000, 9.50598767731067773E-001, 1.61562580730018513E-004
4,215, 3.09697900000000015E+000, 9.50598753535241925E-001, 1.61562656967045349E-004
4,216, 3.09698299999999982E+000, 9.50598731580726497E-001, 1.61562763836817686E-004
4,217, 3.09698699999999993E+000, 9.50598709626220728E-001, 1.61562885595000947E-004
4,218, 3.09699200000000019E+000, 9.50598683545142764E-001, 1.61563022788431066E-004
4,219, 3.09699700000000000E+000, 9.50598657464080121E-001, 1.61563159981924475E-004
4,220, 3.09700400000000009E+000, 9.50598619497775021E-001, 1.61563358066422661E-004
4,221, 3.09701100000000018E+000, 9.50598581531499898E-001, 1.61563556216101482E-004
4,222, 3.09702000000000011E+000, 9.50598535312124238E-001, 1.61563814948341975E-004
4,223, 3.09703099999999987E+000, 9.50598477207573733E-001, 1.61564134767472356E-004
4,224, 3.09704699999999988E+000, 9.50598391206133986E-001, 1.61564576915096777E-004
4,225, 3.09706899999999985E+000, 9.50598274997470960E-001, 1.61565201468828886E-004
4,226, 3.09710500000000000E+000, 9.50598084673384025E-001, 1.61566207279322373E-004
4,227, 3.09715000000000007E+000, 9.50597844499325495E-001, 1.61567487084862834E-004
4,228, 3.09719999999999995E+000, 9.50597580062119474E-001, 1.61568888910631635E-004
4,229, 3.09724999999999984E+000, 9.50597315626444450E-001, 1.61570305755864813E-004
4,230, 3.09730000000000016E+000, 9.50597049376248671E-001, 1.61571722690436684E-004
4,231, 3.09735000000000005E+000, 9.50596784943636530E-001, 1.61573124582361577E-004
4,232, 3.09739999999999993E+000, 9.50596520512555498E-001, 1.61574541428418153E-004
4,233, 3.09744999999999981E+000, 9.50596254266953600E-001, 1.61575958363938349E-004
4,234, 3.09750000000000014E+000, 9.50595989838934785E-001, 1.61577360321844317E-004
4,235, 3.09755000000000003E+000, 9.50595725412447079E-001, 1.61578777103612610E-004
4,236, 3.09759999999999991E+000, 9.50595459171439172E-001, 1.61580179151155372E-004
4,237, 3.09764999999999979E+000, 9.50595194748013350E-001, 1.61581595998622820E-004
4,238, 3.09770000000000012E+000, 9.50594928510067994E-001, 1.61583012935508866E-004
4,239, 3.09775000000000000E+000, 9.50594664089703945E-001, 1.61584414829576360E-004
4,240, 3.09779999999999989E+000, 9.50594399670870449E-001, 1.61585831612697114E-004
4,241, 3.09785000000000021E+000, 9.50594133437518529E-001, 1.61587248615584835E-004
4,242, 3.09790000000000010E+000, 9.50593869021746807E-001, 1.61588650510521696E-004
4,243, 3.09794999999999998E+000, 9.50593604607505638E-001, 1.61590067294349051E-004
4,244, 3.09799999999999986E+000, 9.50593338378746378E-001, 1.61591469409459834E-004
4,245, 3.09898700000000016E+000, 9.50588105891644886E-001, 1.61619336797377909E-004
4,246, 3.09997400000000001E+000, 9.50582874000654776E-001, 1.61647189339311163E-004
4,247, 3.10096099999999986E+000, 9.50577642705428327E-001, 1.61675042054510359E-004
4,248, 3.10194800000000015E+000, 9.50572410189588823E-001, 1.61702894966697842E-004
4,249, 3.10293500000000000E+000, 9.50567180084852303E-001, 1.61730762786658691E-004
4,250, 3.10392199999999985E+000, 9.50561950574837611E-001, 1.61758615760631576E-004
4,251, 3.10490900000000014E+000, 9.50556721659198578E-001, 1.61786468907672238E-004
4,252, 3.10589599999999999E+000, 9.50551493337589148E-001, 1.61814337051764163E-004
4,253, 3.10688299999999984E+000, 9.50546263793659585E-001, 1.61842190569551255E-004
4,254, 3.10787000000000013E+000, 9.50541036659077077E-001, 1.61870044040581478E-004
4,255, 3.10800000000000010E+000, 9.50540348523641221E-001, 1.61873716048515796E-004
4,256, 3.10899999999999999E+000, 9.50535053981356959E-001, 1.61901935260780192E-004
4,257, 3.10999999999999988E+000, 9.50529758231392186E-001, 1.61930154738349673E-004
4,258, 3.11100000000000021E+000, 9.50524463089386873E-001, 1.61958389281537584E-004
4,259, 3.11200000000000010E+000, 9.50519170370961231E-001, 1.61986608826229778E-004
4,260, 3.11299999999999999E+000, 9.50513876443797256E-001, 1.62014843525859172E-004
4,261, 3.11399999999999988E+000, 9.50508583123520379E-001, 1.62043063447084345E-004
4,262, 3.11500000000000021E+000, 9.50503292225736818E-001, 1.62071283324398597E-004
4,263, 3.11600000000000010E+000, 9.50498001934117154E-001, 1.62099518267332581E-004
4,264, 3.11699999999999999E+000, 9.50492710432352839E-001, 1.62127738521222937E-004
4,265, 3.11799999999999988E+000, 9.50487419536050759E-001, 1.62155973775438141E-004
4,266, 3.11900000000000022E+000, 9.50482131060798374E-001, 1.62184194096252286E-004
4,267, 3.12000000000000011E+000, 9.50476841374350401E-001, 1.62212414682880060E-004
4,268, 3.12100000000000000E+000, 9.50471552292299737E-001, 1.62240650335227095E-004
4,269, 3.12199999999999989E+000, 9.50466265630219853E-001, 1.62268870988668341E-004
4,270, 3.12300000000000022E+000, 9.50460977755896441E-001, 1.62297091907935359E-004
4,271, 3.12400000000000011E+000, 9.50455692300826160E-001, 1.62325327738184873E-004
4,272, 3.12500000000000000E+000, 9.50450405632815798E-001, 1.62353548879399677E-004
4,273, 3.12599999999999989E+000, 9.50445121383342251E-001, 1.62381769976204014E-004
4,274, 3.12699999999999978E+000, 9.50439835920233067E-001, 1.62410006228928572E-004
4,275, 3.12800000000000011E+000, 9.50434551059048838E-001, 1.62438227768265205E-004
4,276, 3.12900000000000000E+000, 9.50429268615329503E-001, 1.62466449197873965E-004
4,277, 3.12999999999999989E+000, 9.50423984956934698E-001, 1.62494685783429264E-004
4,278, 3.13099999999999978E+000, 9.50418701899409801E-001, 1.62522907590133812E-004
4,279, 3.13200000000000012E+000, 9.50413421258281210E-001, 1.62551144242296583E-004
4,280, 3.13300000000000001E+000, 9.50408139401439866E-001, 1.62579366270848818E-004
4,281, 3.13399999999999990E+000, 9.50402859960284174E-001, 1.62607603210350427E-004
4,282, 3.13499999999999979E+000, 9.50397579302725393E-001, 1.62635825460783905E-004
4,283, 3.13600000000000012E+000, 9.50392301060143052E-001, 1.62664047666701315E-004
4,284, 3.13700000000000001E+000, 9.50387021600469617E-001, 1.62692285094413904E-004
4,285, 3.13799999999999990E+000, 9.50381742739217827E-001, 1.62720507677745560E-004
4,286, 3.13899999999999979E+000, 9.50376466291880884E-001, 1.62748730216424024E-004
4,287, 3.14000000000000012E+000, 9.50371188626422669E-001, 1.62776967911622028E-004
4,288, 3.14100000000000001E+000, 9.50365911558342269E-001, 1.62805190893227953E-004
4,289, 3.14199999999999990E+000, 9.50360636903118228E-001, 1.62833413764624211E-004
4,290, 3.14299999999999979E+000, 9.50355361028745960E-001, 1.62861636902565015E-004
4,291, 3.14400000000000013E+000, 9.50350087566526391E-001, 1.62889874886173943E-004
4,292, 3.14500000000000002E+000, 9.50344812884475476E-001, 1.62918098245983846E-004
4,293, 3.14599999999999991E+000, 9.50339540613874822E-001, 1.62946336451535436E-004
4,294, 3.14699999999999980E+000, 9.50334267122761367E-001, 1.62974560098843636E-004
4,295, 3.14800000000000013E+000, 9.50328994226600998E-001, 1.63002783791445249E-004
4,296, 3.14900000000000002E+000, 9.50323723740839510E-001, 1.63031022329898704E-004
4,297, 3.14999999999999991E+000, 9.50318452033545369E-001, 1.63059246310164713E-004
4,298, 3.15099999999999980E+000, 9.50313180920169920E-001, 1.63087485226408362E-004
4,299, 3.15200000000000014E+000, 9.50307912216145634E-001, 1.63115709207115967E-004
4,300, 3.15300000000000002E+000, 9.50302642289571620E-001, 1.63143948345288454E-004
4,301, 3.15399999999999991E+000, 9.50297374771651437E-001, 1.63172172613617792E-004
4,302, 3.15499999999999980E+000, 9.50292106030505290E-001, 1.63200397083168629E-004
4,303, 3.15600000000000014E+000, 9.50286839697317309E-001, 1.63228621507578112E-004
4,304, 3.15700000000000003E+000, 9.50281572140228459E-001, 1.63256861089913183E-004
4,305, 3.15799999999999992E+000, 9.50276305174657443E-001, 1.63285085892435789E-004
4,306, 3.15899999999999981E+000, 9.50271040616003648E-001, 1.63313310649737216E-004
4,307, 3.16000000000000014E+000, 9.50265774832438792E-001, 1.63341550630823632E-004
4,308, 3.16100000000000003E+000, 9.50260578637140751E-001, 1.63368889824936877E-004
4,309, 3.16199999999999992E+000, 9.50255381215890260E-001, 1.63396214388947247E-004
4,310, 3.16299999999999981E+000, 9.50250184384082930E-001, 1.63423568905045954E-004
4,311, 3.16400000000000015E+000, 9.50244989957094943E-001, 1.63450893521949046E-004
4,312, 3.16500000000000004E+000, 9.50239794303149754E-001, 1.63478233290513585E-004
4,313, 3.16599999999999993E+000, 9.50234601053334682E-001, 1.63505573007469097E-004
4,314, 3.16699999999999982E+000, 9.50229406575894497E-001, 1.63532913050865795E-004
4,315, 3.16800000000000015E+000, 9.50224212686200498E-001, 1.63560238242046004E-004
4,316, 3.16900000000000004E+000, 9.50219021199606773E-001, 1.63587578272527415E-004
4,317, 3.16999999999999993E+000, 9.50213828484387069E-001, 1.63614918629635572E-004
4,318, 3.17099999999999982E+000, 9.50208636355900471E-001, 1.63642259025732805E-004
4,319, 3.17200000000000015E+000, 9.50203446629485526E-001, 1.63669599370021301E-004
4,320, 3.17300000000000004E+000, 9.50198255673448289E-001, 1.63696939975223294E-004
4,321, 3.17399999999999993E+000, 9.50193067118799028E-001, 1.63724265637330512E-004
4,322, 3.17499999999999982E+000, 9.50187877333864228E-001, 1.63751606451592542E-004
4,323, 3.17600000000000016E+000, 9.50182688133979103E-001, 1.63778947436276923E-004
4,324, 3.17700000000000005E+000, 9.50177501334459107E-001, 1.63806288303388307E-004
4,325, 3.17799999999999994E+000, 9.50172313303661475E-001, 1.63833629431661524E-004
4,326, 3.17899999999999983E+000, 9.50167127672548850E-001, 1.63860955616334402E-004
4,327, 3.18000000000000016E+000, 9.50161940809498673E-001, 1.63888297019308807E-004
4,328, 3.18100000000000005E+000, 9.50156754529822956E-001, 1.63915638461418058E-004
4,329, 3.18199999999999994E+000, 9.50151570648813948E-001, 1.63942979851345336E-004
4,330, 3.18299999999999983E+000, 9.50146385534880178E-001, 1.63970321568292167E-004
4,331, 3.18400000000000016E+000, 9.50141201003319780E-001, 1.63997663324224387E-004
4,332, 3.18500000000000005E+000, 9.50136018869411014E-001, 1.64024990136276625E-004
4,333, 3.18599999999999994E+000, 9.50130835501592941E-001, 1.64052332166844737E-004
4,334, 3.18699999999999983E+000, 9.50125654530751707E-001, 1.64079674079929488E-004
4,335, 3.18800000000000017E+000, 9.50120472325346466E-001, 1.64107016254145524E-004
4,336, 3.18900000000000006E+000, 9.50115292516244159E-001, 1.64134358376343681E-004
4,337, 3.18999999999999995E+000, 9.50110111471924368E-001, 1.64161700825641460E-004
4,338, 3.19099999999999984E+000, 9.50104931007652587E-001, 1.64189028421928978E-004
4,339, 3.19200000000000017E+000, 9.50099752938675657E-001, 1.64216370857692064E-004
4,340, 3.19300000000000006E+000, 9.50094573633503470E-001, 1.64243713621031170E-004
4,341, 3.19399999999999995E+000, 9.50089394907388085E-001, 1.64271056423265433E-004
4,342, 3.19499999999999984E+000, 9.50084218575561690E-001, 1.64298399172987556E-004
4,343, 3.19600000000000017E+000, 9.50079041006565039E-001, 1.64325742184387837E-004
4,344, 3.19700000000000006E+000, 9.50073864015636538E-001, 1.64353070408306142E-004
4,345, 3.19799999999999995E+000, 9.50068689417994383E-001, 1.64380413471984564E-004
4,346, 3.19899999999999984E+000, 9.50063513582210195E-001, 1.64407756797348733E-004
4,347, 3.19989999999999997E+000, 9.50058857457403261E-001, 1.64432355339870132E-004
4,348, 3.20100000000000007E+000, 9.50053165457092508E-001, 1.64462443670684052E-004
4,349, 3.20199999999999996E+000, 9.50047993167093541E-001, 1.64489772260413119E-004
4,350, 3.20299999999999985E+000, 9.50042819637660796E-001, 1.64517116070204863E-004
4,351, 3.20400000000000018E+000, 9.50037646683999926E-001, 1.64544459918916701E-004
4,352, 3.20500000000000007E+000, 9.50032476121297154E-001, 1.64571803714855919E-004
4,353, 3.20599999999999996E+000, 9.50027304318195265E-001, 1.64599147838642045E-004
4,354, 3.20699999999999985E+000, 9.50022133089885812E-001, 1.64626492001431396E-004
4,355, 3.20800000000000018E+000, 9.50016964251541585E-001, 1.64653821218817514E-004
4,356, 3.20900000000000007E+000, 9.50011794171835455E-001, 1.64681165656535572E-004
4,357, 3.20999999999999996E+000, 9.50006624665945099E-001, 1.64708510133339850E-004
4,358, 3.25000000000000000E+000, 9.49800340309079894E-001, 1.65802268940184707E-004
4,359, 3.29999999999999982E+000, 9.49546773619355355E-001, 1.67130651154069853E-004
5,2, 3.60499999999999998E+000, 9.48058755472173331E-001, 1.74838768965219756E-004
5,3, 3.60999999999999988E+000, 9.48035095334404998E-001, 1.74960621377361178E-004
5,4, 3.61500000000000021E+000, 9.48011717009315191E-001, 1.75079146797173371E-004
5,5, 3.62000000000000011E+000, 9.47988352051899352E-001, 1.75197659079633842E-004
5,6, 3.62500000000000000E+000, 9.47964996806838323E-001, 1.75316173601903916E-004
5,7, 3.62999999999999989E+000, 9.47941653059651279E-001, 1.75434704967697012E-004
5,8, 3.63499999999999979E+000, 9.47918322595884266E-001, 1.75553223264162832E-004
5,9, 3.64000000000000012E+000, 9.47895001760702072E-001, 1.75671758708677203E-004
5,10, 3.64500000000000002E+000, 9.47871694153351041E-001, 1.75790281015807787E-004
5,11, 3.64999999999999991E+000, 9.47848396119314707E-001, 1.75908805564924347E-004
5,12, 3.65200000000000014E+000, 9.47839080813205448E-001, 1.75956218833339830E-004
5,13, 3.65399999999999991E+000, 9.47829767322821315E-001, 1.76003632422399729E-004
5,14, 3.65600000000000014E+000, 9.47820453833013055E-001, 1.76051046501080261E-004
5,15, 3.65799999999999992E+000, 9.47811143968837810E-001, 1.76098460732526045E-004
5,16, 3.66000000000000014E+000, 9.47801835915142998E-001, 1.76145875352917296E-004
5,17, 3.66199999999999992E+000, 9.47792529670185901E-001, 1.76193290158146586E-004
5,18, 3.66299999999999981E+000, 9.47787875412073211E-001, 1.76217005405644841E-004
5,19, 3.66400000000000015E+000, 9.47783223418864673E-001, 1.76240705589251963E-004
5,20, 3.66500000000000004E+000, 9.47778571876971121E-001, 1.76264405853171496E-004
5,21, 3.66599999999999993E+000, 9.47773920786176172E-001, 1.76288121104949071E-004
5,22, 3.66699999999999982E+000, 9.47769270146263221E-001, 1.76311821529179415E-004
5,23, 3.66800000000000015E+000, 9.47764619957015331E-001, 1.76335536941546548E-004
5,24, 3.66900000000000004E+000, 9.47759970218216563E-001, 1.76359237526411120E-004
5,25, 3.66999999999999993E+000, 9.47755320929650646E-001, 1.76382953167399385E-004
5,26, 3.67099999999999982E+000, 9.47750672091101976E-001, 1.76406653844693087E-004
5,27, 3.67200000000000015E+000, 9.47746023702354390E-001, 1.76430369578154772E-004
5,28, 3.67300000000000004E+000, 9.47741373949869903E-001, 1.76454070721187629E-004
5,29, 3.67399999999999993E+000, 9.47736726460082557E-001, 1.76477786615258442E-004
5,30, 3.67496000000000000E+000, 9.47732265074856861E-001, 1.76500538397152742E-004
5,31, 3.67551000000000005E+000, 9.47729709656005004E-001, 1.76513583003709513E-004
5,32, 3.67606000000000011E+000, 9.47727154372923652E-001, 1.76526612658604523E-004
5,33, 3.67661000000000016E+000, 9.47724599225576836E-001, 1.76539657245646116E-004
5,34, 3.67716000000000021E+000, 9.47722042400624964E-001, 1.76552702025831632E-004
5,35, 3.67770999999999981E+000, 9.47719487524642745E-001, 1.76565746661548129E-004
5,36, 3.67825999999999986E+000, 9.47716932784288479E-001, 1.76578776413449824E-004
5,37, 3.67880999999999991E+000, 9.47714378179525418E-001, 1.76591821097722533E-004
5,38, 3.67935999999999996E+000, 9.47711823710319035E-001, 1.76604850898161113E-004
5,39, 3.67991000000000001E+000, 9.47709267563341395E-001, 1.76617895799880624E-004
5,40, 3.68046000000000006E+000, 9.47706713365142894E-001, 1.76630940557012613E-004
5,41, 3.68101000000000012E+000, 9.47704159302393823E-001, 1.76643970430369373E-004
5,42, 3.68156000000000017E+000, 9.47701605375058431E-001, 1.76657015236069933E-004
5,43, 3.68211000000000022E+000, 9.47699049769818780E-001, 1.76670060303272576E-004
5,44, 3.68265999999999982E+000, 9.47696496113206499E-001, 1.76683105157611991E-004
5,45, 3.68320999999999987E+000, 9.47693942591901095E-001, 1.76696135059897812E-004
5,46, 3.68375999999999992E+000, 9.47691389205867263E-001, 1.76709179962815583E-004
5,47, 3.68430999999999997E+000, 9.47688835955069475E-001, 1.76722209981724533E-004
5,48, 3.68486000000000002E+000, 9.47686281026202337E-001, 1.76735255170517848E-004
5,49, 3.68527300000000002E+000, 9.47684363914490291E-001, 1.76745039188844352E-004
5,50, 3.68541000000000007E+000, 9.47683728045772278E-001, 1.76748300146328590E-004
5,51, 3.68551999999999991E+000, 9.47683217103249653E-001, 1.76750903146699314E-004
5,52, 3.68569900000000006E+000, 9.47682386331340831E-001, 1.76755144465599813E-004
5,53, 3.68574599999999997E+000, 9.47682168684310988E-001, 1.76756262005533669E-004
5,54, 3.68578099999999997E+000, 9.47682005951514195E-001, 1.76757088915618021E-004
5,55, 3.68580899999999989E+000, 9.47681875403017959E-001, 1.76757747536770889E-004
5,56, 3.68583200000000000E+000, 9.47681769397444973E-001, 1.76758298487684795E-004
5,57, 3.68585099999999999E+000, 9.47681680487562739E-001, 1.76758757712332037E-004
5,58, 3.68586800000000014E+000, 9.47681602845452109E-001, 1.76759155775560168E-004
5,59, 3.68588300000000002E+000, 9.47681532844537600E-001, 1.76759508060080138E-004
5,60, 3.68589499999999992E+000, 9.47681476118572119E-001, 1.76759798927606030E-004
5,61, 3.68590699999999982E+000, 9.47681421205936125E-001, 1.76760074649524580E-004
5,62, 3.68591800000000003E+000, 9.47681370113882537E-001, 1.76760334970350023E-004
5,63, 3.68592800000000009E+000, 9.47681322842396479E-001, 1.76760579822073067E-004
5,64, 3.68593700000000002E+000, 9.47681281204729942E-001, 1.76760794127122143E-004
5,65, 3.68594599999999994E+000, 9.47681239567099376E-001, 1.76761008431890437E-004
5,66, 3.68595300000000003E+000, 9.47681207383774815E-001, 1.76761161880977560E-004
5,67, 3.68596099999999982E+000, 9.47681169566707449E-001, 1.76761360784766995E-004
5,68, 3.68596799999999991E+000, 9.47681137383429517E-001, 1.76761529073746887E-004
5,69, 3.68597500000000000E+000, 9.47681105200173457E-001, 1.76761697431150616E-004
5,70, 3.68598200000000009E+000, 9.47681073016939157E-001, 1.76761850811790999E-004
5,71, 3.68598800000000004E+000, 9.47681044654213878E-001, 1.76762003699790324E-004
5,72, 3.68599500000000013E+000, 9.47681012471020545E-001, 1.76762172057039202E-004
5,73, 3.68600100000000008E+000, 9.47680984108329905E-001, 1.76762310036812967E-004
5,74, 3.68600700000000003E+000, 9.47680957558920234E-001, 1.76762447779130248E-004
5,75, 3.68601299999999998E+000, 9.47680929196261901E-001, 1.76762585758797057E-004
5,76, 3.68602000000000007E+000, 9.47680897013146506E-001, 1.76762754047830916E-004
5,77, 3.68602600000000002E+000, 9.47680868650523034E-001, 1.76762907004048892E-004
5,78, 3.68603300000000011E+000, 9.47680836467448162E-001, 1.76763060384738877E-004
5,79, 3.68603900000000007E+000, 9.47680808104859773E-001, 1.76763213272787019E-004
5,80, 3.68604699999999985E+000, 9.47680770288099716E-001, 1.76763397268442970E-004
5,81, 3.68605500000000008E+000, 9.47680734284632842E-001, 1.76763581026878657E-004
5,82, 3.68606599999999984E+000, 9.47680683193306450E-001, 1.76763841279705406E-004
5,83, 3.68607500000000021E+000, 9.47680641556194359E-001, 1.76764055652886911E-004
5,84, 3.68608499999999983E+000, 9.47680594285409850E-001, 1.76764300504618629E-004
5,85, 3.68609000000000009E+000, 9.47680571556666740E-001, 1.76764422845936722E-004
5,86, 3.68609499999999990E+000, 9.47680548827934399E-001, 1.76764530279013317E-004
5,87, 3.68610000000000015E+000, 9.47680524285949288E-001, 1.76764652789446593E-004
5,88, 3.68611399999999989E+000, 9.47680459920284046E-001, 1.76764989435945275E-004
5,89, 3.68612500000000010E+000, 9.47680408829247312E-001, 1.76765249757051499E-004
5,90, 3.68613299999999988E+000, 9.47680372826058992E-001, 1.76765433515341415E-004
5,91, 3.68614100000000011E+000, 9.47680335009635222E-001, 1.76765632419414992E-004
5,92, 3.68614700000000006E+000, 9.47680306647336157E-001, 1.76765770330959942E-004
5,93, 3.68615400000000015E+000, 9.47680274464639427E-001, 1.76765938688316644E-004
5,94, 3.68616000000000010E+000, 9.47680246102375223E-001, 1.76766076668113882E-004
5,95, 3.68616700000000019E+000, 9.47680213919719017E-001, 1.76766244957243367E-004
5,96, 3.68617300000000014E+000, 9.47680185557489674E-001, 1.76766382936993524E-004
5,97, 3.68617900000000009E+000, 9.47680159008540413E-001, 1.76766520747637362E-004
5,98, 3.68618500000000004E+000, 9.47680130646343044E-001, 1.76766673567525995E-004
5,99, 3.68619200000000014E+000, 9.47680098463765108E-001, 1.76766841924805366E-004
5,100, 3.68619800000000009E+000, 9.47680070101602490E-001, 1.76766979904577722E-004
5,101, 3.68620500000000018E+000, 9.47680037919065410E-001, 1.76767148193688342E-004
5,102, 3.68621199999999982E+000, 9.47680005736549980E-001, 1.76767316551105786E-004
5,103, 3.68621899999999991E+000, 9.47679973554056532E-001, 1.76767470000217575E-004
5,104, 3.68622700000000014E+000, 9.47679935737940071E-001, 1.76767668904281774E-004
5,105, 3.68623399999999979E+000, 9.47679903555493475E-001, 1.76767837193422751E-004
5,106, 3.68624300000000016E+000, 9.47679861919056510E-001, 1.76768051498647983E-004
5,107, 3.68625200000000008E+000, 9.47679818469392088E-001, 1.76768266041241038E-004
5,108, 3.68626200000000015E+000, 9.47679773012662041E-001, 1.76768495747458410E-004
5,109, 3.68627299999999991E+000, 9.47679721922352392E-001, 1.76768756068631014E-004
5,110, 3.68628499999999981E+000, 9.47679667011741222E-001, 1.76769046767408483E-004
5,111, 3.68629700000000016E+000, 9.47679610287931129E-001, 1.76769322658999279E-004
5,112, 3.68631200000000003E+000, 9.47679540289890432E-001, 1.76769674944006271E-004
5,113, 3.68632900000000019E+000, 9.47679462651278337E-001, 1.76770087984234187E-004
5,114, 3.68634800000000018E+000, 9.47679373745613618E-001, 1.76770532233052420E-004
5,115, 3.68637099999999984E+000, 9.47679267745575760E-001, 1.76771083253414869E-004
5,116, 3.68639900000000020E+000, 9.47679137204457622E-001, 1.76771741807668452E-004
5,117, 3.68643400000000021E+000, 9.47678974481867664E-001, 1.76772568719453510E-004
5,118, 3.68648100000000012E+000, 9.47678756850263704E-001, 1.76773686330491486E-004
5,119, 3.68654800000000016E+000, 9.47678444682168886E-001, 1.76775278669226828E-004
5,120, 3.68651000000000018E+000, 9.47678622490265354E-001, 1.76774375262590979E-004
5,121, 3.68665999999999983E+000, 9.47677926155171990E-001, 1.76777927594865182E-004
5,122, 3.68690700000000016E+000, 9.47676779496920418E-001, 1.76783791648567248E-004
5,123, 3.68705999999999978E+000, 9.47676068101857560E-001, 1.76787420480432130E-004
5,124, 3.68760999999999983E+000, 9.47673515661735077E-001, 1.76800450645080078E-004
5,125, 3.68815999999999988E+000, 9.47670963356600948E-001, 1.76813495742334257E-004
5,126, 3.68870999999999993E+000, 9.47668411186418758E-001, 1.76826540863880258E-004
5,127, 3.68925999999999998E+000, 9.47665859151153533E-001, 1.76839571101594244E-004
5,128, 3.68981000000000003E+000, 9.47663305437522308E-001, 1.76852616440963535E-004
5,129, 3.69036000000000008E+000, 9.47660753671987877E-001, 1.76865661635376839E-004
5,130, 3.69091000000000014E+000, 9.47658202041264275E-001, 1.76878691945782813E-004
5,131, 3.69146000000000019E+000, 9.47655650545316308E-001, 1.76891737188926234E-004
5,132, 3.69200999999999979E+000, 9.47653099184108560E-001, 1.76904767547925932E-004
5,133, 3.69255999999999984E+000, 9.47650546144370165E-001, 1.76917813008736790E-004
5,134, 3.69310999999999989E+000, 9.47647995052539827E-001, 1.76930858324883094E-004
5,135, 3.69365999999999994E+000, 9.47645444095344236E-001, 1.76943903665214967E-004
5,136, 3.69420999999999999E+000, 9.47642893272747977E-001, 1.76956934189549452E-004
5,137, 3.69476000000000004E+000, 9.47640340771489731E-001, 1.76969979747834205E-004
5,138, 3.69531000000000009E+000, 9.47637790217988885E-001, 1.76983025161066586E-004
5,139, 3.69586000000000015E+000, 9.47635239798981677E-001, 1.76996055621638681E-004
5,140, 3.69641000000000020E+000, 9.47632689514433135E-001, 1.77009101083447113E-004
5,141, 3.69695999999999980E+000, 9.47630139364307733E-001, 1.77022146637927238E-004
5,142, 3.69796000000000014E+000, 9.47625502577480128E-001, 1.77045849479849524E-004
5,143, 3.69950000000000001E+000, 9.47618362105146717E-001, 1.77082368352849046E-004
5,144, 3.70049999999999990E+000, 9.47613750017400558E-001, 1.77105769928458166E-004
5,145, 3.70250000000000012E+000, 9.47604579754452336E-001, 1.77151939907867206E-004
5,146, 3.70449999999999990E+000, 9.47595409449727644E-001, 1.77198110293279304E-004
5,147, 3.70699999999999985E+000, 9.47583950870498737E-001, 1.77255845982961577E-004
5,148, 3.71200000000000019E+000, 9.47561041994552711E-001, 1.77371288906068021E-004
5,149, 3.72128099999999984E+000, 9.47518545911086529E-001, 1.77585589484836041E-004
5,150, 3.73082799999999981E+000, 9.47474869927184771E-001, 1.77806025068854055E-004
5,151, 3.73660199999999998E+000, 9.47448475057058870E-001, 1.77939355708598784E-004
5,152, 3.74060199999999998E+000, 9.47430199711429277E-001, 1.78031721895172942E-004
5,153, 3.74360299999999979E+000, 9.47416491255314686E-001, 1.78101016723349954E-004
5,154, 3.74597300000000022E+000, 9.47405668462590334E-001, 1.78155757132836533E-004
5,155, 3.74791700000000017E+000, 9.47396794004111920E-001, 1.78200646830943728E-004
5,156, 3.74955600000000011E+000, 9.47389311798280120E-001, 1.78238489576081251E-004
5,157, 3.75096799999999986E+000, 9.47382867398151363E-001, 1.78271092555265862E-004
5,158, 3.75220600000000015E+000, 9.47377217737625510E-001, 1.78299681500546949E-004
5,159, 3.75330899999999978E+000, 9.47372183865415884E-001, 1.78325160293678109E-004
5,160, 3.75430099999999989E+000, 9.47367658296602744E-001, 1.78348065388741291E-004
5,161, 3.75520500000000013E+000, 9.47363533770410382E-001, 1.78368933028546091E-004
5,162, 3.75603599999999993E+000, 9.47359742457824838E-001, 1.78388130301972256E-004
5,163, 3.75680499999999995E+000, 9.47356235343420838E-001, 1.78405887585682656E-004
5,164, 3.75752299999999995E+000, 9.47352959806143757E-001, 1.78422465354124261E-004
5,165, 3.75819800000000015E+000, 9.47349881861126564E-001, 1.78438062140090953E-004
5,166, 3.75883700000000021E+000, 9.47346967698320719E-001, 1.78452816684522314E-004
5,167, 3.75944399999999979E+000, 9.47344200321364571E-001, 1.78466835639947357E-004
5,168, 3.76002599999999987E+000, 9.47341545936266738E-001, 1.78480272591632845E-004
5,169, 3.76058599999999998E+000, 9.47338991347507209E-001, 1.78493204016706903E-004
5,170, 3.76112799999999980E+000, 9.47336521388414954E-001, 1.78505721489070120E-004
5,171, 3.76165500000000019E+000, 9.47334117432252265E-001, 1.78517887020177523E-004
5,172, 3.76217200000000007E+000, 9.47331760532634126E-001, 1.78529822569585415E-004
5,173, 3.76268100000000016E+000, 9.47329441295897356E-001, 1.78541589074628917E-004
5,174, 3.76318699999999984E+000, 9.47327133531073229E-001, 1.78553264447565675E-004
5,175, 3.76369199999999982E+000, 9.47324831475952367E-001, 1.78564924264317621E-004
5,176, 3.76420200000000005E+000, 9.47322506972925971E-001, 1.78576706472887250E-004
5,177, 3.76472199999999990E+000, 9.47320137468733336E-001, 1.78588718466772301E-004
5,178, 3.76526100000000019E+000, 9.47317679832302306E-001, 1.78601159937009457E-004
5,179, 3.76582799999999995E+000, 9.47315096380009658E-001, 1.78614259747865667E-004
5,180, 3.76644200000000007E+000, 9.47312298893404292E-001, 1.78628432449809345E-004
5,181, 3.76713800000000010E+000, 9.47309125924267970E-001, 1.78644505114347829E-004
5,182, 3.76800500000000005E+000, 9.47305175438732827E-001, 1.78664530604585154E-004
5,183, 3.77000000000000002E+000, 9.47296086597478992E-001, 1.78710603420855141E-004
5,184, 3.77199499999999999E+000, 9.47286999463829771E-001, 1.78756676541094977E-004
5,185, 3.77286199999999994E+000, 9.47283050785007075E-001, 1.78776702352942391E-004
5,186, 3.77355799999999997E+000, 9.47279879733001651E-001, 1.78792775358986209E-004
5,187, 3.77417200000000008E+000, 9.47277084282727833E-001, 1.78806948491840647E-004
5,188, 3.77473999999999998E+000, 9.47274497403455373E-001, 1.78820064333660414E-004
5,189, 3.77527800000000013E+000, 9.47272047678266560E-001, 1.78832505482289325E-004
5,190, 3.77579799999999999E+000, 9.47269680645153156E-001, 1.78844503005038389E-004
5,191, 3.77630800000000022E+000, 9.47267358791074932E-001, 1.78856285685060457E-004
5,192, 3.77681399999999989E+000, 9.47265053985018035E-001, 1.78867961584627577E-004
5,193, 3.77731899999999987E+000, 9.47262754882090108E-001, 1.78879636837920864E-004
5,194, 3.77782799999999996E+000, 9.47260438953180128E-001, 1.78891389020989337E-004
5,195, 3.77834499999999984E+000, 9.47258083828141584E-001, 1.78903325380027153E-004
5,196, 3.77887199999999979E+000, 9.47255685577783502E-001, 1.78915491364445338E-004
5,197, 3.77941400000000005E+000, 9.47253219870922814E-001, 1.78928009593508678E-004
5,198, 3.77997400000000017E+000, 9.47250669940500889E-001, 1.78940941847928741E-004
5,199, 3.78055599999999981E+000, 9.47248020681883851E-001, 1.78954394692141107E-004
5,200, 3.78116299999999983E+000, 9.47245258961216030E-001, 1.78968399743099948E-004
5,201, 3.78180199999999989E+000, 9.47242351094534585E-001, 1.78983170250775030E-004
5,202, 3.78247700000000009E+000, 9.47239280180869669E-001, 1.78998753377531295E-004
5,203, 3.78319500000000009E+000, 9.47236012552077788E-001, 1.79015332553726262E-004
5,204, 3.78396400000000011E+000, 9.47232514398448244E-001, 1.79033091432462667E-004
5,205, 3.78479499999999991E+000, 9.47228733339647744E-001, 1.79052290600438454E-004
5,206, 3.78569900000000015E+000, 9.47224620640943260E-001, 1.79073160345339380E-004
5,207, 3.78669099999999981E+000, 9.47220108857898091E-001, 1.79096082805356194E-004
5,208, 3.78779399999999988E+000, 9.47215091305613432E-001, 1.79121549593246342E-004
5,209, 3.78903200000000018E+000, 9.47209461205900660E-001, 1.79150142020775176E-004
5,210, 3.79044399999999992E+000, 9.47203062475027724E-001, 1.79182477761782074E-004
5,211, 3.79208299999999987E+000, 9.47195688125588298E-001, 1.79219315464551664E-004
5,212, 3.79402699999999982E+000, 9.47186942766041762E-001, 1.79263006027957438E-004
5,213, 3.79639699999999980E+000, 9.47176285452460132E-001, 1.79316262845406223E-004
10,2, 9.42399999999999949E+000, 9.30457256688683843E-001, 2.46531894034014818E-004
10,3, 9.42800000000000082E+000, 9.30449025018748377E-001, 2.46554384834929722E-004
10,4, 9.42999999999999972E+000, 9.30444908818342853E-001, 2.46565622850417152E-004
10,5, 9.43200000000000038E+000, 9.30440794769736179E-001, 2.46576875828228550E-004
10,6, 9.43399999999999928E+000, 9.30436679279401657E-001, 2.46588113855091971E-004
10,7, 9.43599999999999994E+000, 9.30432565940593870E-001, 2.46599351649425251E-004
10,8, 9.43800000000000061E+000, 9.30428452956488350E-001, 2.46610604474007875E-004
10,9, 9.43999999999999950E+000, 9.30424338530271178E-001, 2.46621842517727658E-004
10,10, 9.44100000000000072E+000, 9.30422282348426166E-001, 2.46627476532308915E-004
10,11, 9.44200000000000017E+000, 9.30420224458499368E-001, 2.46633095761776718E-004
10,12, 9.44299999999999962E+000, 9.30418168453827854E-001, 2.46638714584366484E-004
10,13, 9.44400000000000084E+000, 9.30416112537715057E-001, 2.46644333578590171E-004
10,14, 9.44500000000000028E+000, 9.30414056710145987E-001, 2.46649952404074811E-004
10,15, 9.44599999999999973E+000, 9.30411999174436954E-001, 2.46655586664076452E-004
10,16, 9.44699999999999918E+000, 9.30409943523909821E-001, 2.46661205492510122E-004
10,17, 9.44800000000000040E+000, 9.30407887961876789E-001, 2.46666824492231961E-004
10,18, 9.44899999999999984E+000, 9.30405830691658942E-001, 2.46672458756573066E-004
10,19, 9.44937000000000005E+000, 9.30405070691932012E-001, 2.46674539612616150E-004
10,20, 9.44959000000000060E+000, 9.30404619728551596E-001, 2.46675772298612396E-004
10,21, 9.44980999999999938E+000, 9.30404166972791824E-001, 2.46677005222778803E-004
10,22, 9.45002999999999993E+000, 9.30403714221312850E-001, 2.46678238147010154E-004
10,23, 9.45025000000000048E+000, 9.30403263270774383E-001, 2.46679470833310736E-004
10,24, 9.45046999999999926E+000, 9.30402810527857338E-001, 2.46680718782507082E-004
10,25, 9.45068999999999981E+000, 9.30402357789220535E-001, 2.46681951706938143E-004
10,26, 9.45091000000000037E+000, 9.30401905054865641E-001, 2.46683184631314451E-004
10,27, 9.45112999999999914E+000, 9.30401454121447702E-001, 2.46684432342670072E-004
10,28, 9.45134999999999970E+000, 9.30401001395651739E-001, 2.46685665267301006E-004
10,29, 9.45157000000000025E+000, 9.30400548674135797E-001, 2.46686898192175993E-004
10,30, 9.45179000000000080E+000, 9.30400095956899986E-001, 2.46688131116996662E-004
10,31, 9.45200999999999958E+000, 9.30399643243943530E-001, 2.46689379236693720E-004
10,32, 9.45223000000000013E+000, 9.30399192331921920E-001, 2.46690611923515695E-004
10,33, 9.45245000000000068E+000, 9.30398739627523064E-001, 2.46691844848596735E-004
10,34, 9.45266999999999946E+000, 9.30398286927404339E-001, 2.46693077773683087E-004
10,35, 9.45289000000000001E+000, 9.30397834231564524E-001, 2.46694325723693019E-004
10,36, 9.45311000000000057E+000, 9.30397383336656558E-001, 2.46695558410651983E-004
10,37, 9.45332999999999934E+000, 9.30396930649374121E-001, 2.46696791336117969E-004
10,38, 9.45354999999999990E+000, 9.30396477966368707E-001, 2.46698039286291182E-004
10,39, 9.45377000000000045E+000, 9.30396027084294475E-001, 2.46699271973503523E-004
10,40, 9.45398999999999923E+000, 9.30395574409845327E-001, 2.46700504899051421E-004
10,41, 9.45420999999999978E+000, 9.30395121739674313E-001, 2.46701737824485694E-004
10,42, 9.45443000000000033E+000, 9.30394670870432483E-001, 2.46702970511944258E-004
10,43, 9.45465000000000089E+000, 9.30394218208815404E-001, 2.46704218462603030E-004
10,44, 9.45486999999999966E+000, 9.30393765551477014E-001, 2.46705451558460387E-004
10,45, 9.45509000000000022E+000, 9.30393314695064921E-001, 2.46706684075951232E-004
10,46, 9.45531000000000077E+000, 9.30392862046279467E-001, 2.46707932196935998E-004
10,47, 9.45552999999999955E+000, 9.30392409401771037E-001, 2.46709165122952379E-004
10,48, 9.45575000000000010E+000, 9.30391956761539962E-001, 2.46710398048914875E-004
10,49, 9.45597000000000065E+000, 9.30391504125583912E-001, 2.46711630975003085E-004
10,50, 9.45618999999999943E+000, 9.30391053290553494E-001, 2.46712878688004524E-004
10,51, 9.45640999999999998E+000, 9.30390600663150158E-001, 2.46714111614348226E-004
10,52, 9.45663000000000054E+000, 9.30390148040022957E-001, 2.46715344540578629E-004
10,53, 9.45684999999999931E+000, 9.30389695421171781E-001, 2.46716592491745134E-004
10,54, 9.45706999999999987E+000, 9.30389242806595518E-001, 2.46717825418233847E-004
10,55, 9.45729000000000042E+000, 9.30388791992941444E-001, 2.46719058106536950E-004
10,56, 9.45750999999999920E+000, 9.30388339386915564E-001, 2.46720291033214586E-004
10,57, 9.45772999999999975E+000, 9.30387886785165819E-001, 2.46721538984857544E-004
10,58, 9.45795000000000030E+000, 9.30387435984334599E-001, 2.46722771673296552E-004
10,59, 9.45817000000000085E+000, 9.30386983391133016E-001, 2.46724004599997932E-004
10,60, 9.45838999999999963E+000, 9.30386530802206568E-001, 2.46725252722148486E-004
10,61, 9.45861000000000018E+000, 9.30386080014197092E-001, 2.46726485240679461E-004
10,62, 9.45883000000000074E+000, 9.30385627433819251E-001, 2.46727718337866428E-004
10,63, 9.45904999999999951E+000, 9.30385174857714770E-001, 2.46728951264896484E-004
10,64, 9.45927000000000007E+000, 9.30384724082527037E-001, 2.46730183953898681E-004
10,65, 9.45949000000000062E+000, 9.30384271514968497E-001, 2.46731431905957213E-004
10,66, 9.45970999999999940E+000, 9.30383818951685981E-001, 2.46732664833428865E-004
10,67, 9.45992999999999995E+000, 9.30383366392675382E-001, 2.46733912785701093E-004
10,68, 9.46000000000000085E+000, 9.30383222724184611E-001, 2.46734297540428086E-004
10,69, 9.46014594999999936E+000, 9.30382926455640580E-001, 2.46735113479501988E-004
10,70, 9.46019268000000046E+000, 9.30382830620651413E-001, 2.46735384844954666E-004
10,71, 9.46021366000000086E+000, 9.30382788436814545E-001, 2.46735497145021752E-004
10,72, 9.46022606000000010E+000, 9.30382762935913266E-001, 2.46735561477169759E-004
10,73, 9.46023463999999947E+000, 9.30382746253014759E-001, 2.46735609274686301E-004
10,74, 9.46024131999999973E+000, 9.30382731275183339E-001, 2.46735656846332955E-004
10,75, 9.46024704000000050E+000, 9.30382720752137016E-001, 2.46735688802041000E-004
10,76, 9.46025084999999955E+000, 9.30382711943127716E-001, 2.46735705165261675E-004
10,77, 9.46025466999999942E+000, 9.30382704921783210E-001, 2.46735721461610006E-004
10,78, 9.46025848000000025E+000, 9.30382697909415635E-001, 2.46735752611590442E-004
10,79, 9.46026039000000019E+000, 9.30382692602104489E-001, 2.46735753485436955E-004
10,80, 9.46026325000000057E+000, 9.30382688238906908E-001, 2.46735769259186124E-004
10,81, 9.46026516000000051E+000, 9.30382682931596983E-001, 2.46735785158135436E-004
10,82, 9.46026802000000089E+000, 9.30382678568399402E-001, 2.46735800931765614E-004
10,83, 9.46026896999999956E+000, 9.30382675919233071E-001, 2.46735801453236881E-004
10,84, 9.46027087999999949E+000, 9.30382672408563538E-001, 2.46735816943858036E-004
10,85, 9.46027278999999943E+000, 9.30382668897895559E-001, 2.46735832604404464E-004
10,86, 9.46027469999999937E+000, 9.30382663590588188E-001, 2.46735833478369752E-004
10,87, 9.46027564999999981E+000, 9.30382662738059696E-001, 2.46735848616377895E-004
10,88, 9.46027660000000026E+000, 9.30382660088894475E-001, 2.46735849137789368E-004
10,89, 9.46027851000000020E+000, 9.30382656578226275E-001, 2.46735864798455491E-004
10,90, 9.46027946000000064E+000, 9.30382653929059722E-001, 2.46735865149762799E-004
10,91, 9.46028042000000013E+000, 9.30382653067558074E-001, 2.46735865264032992E-004
10,92, 9.46028233000000007E+000, 9.30382647760253145E-001, 2.46735881162922510E-004
10,93, 9.46028328000000052E+000, 9.30382646907725763E-001, 2.46735881446110588E-004
10,94, 9.46028422999999918E+000, 9.30382644258560432E-001, 2.46735896822461605E-004
10,95, 9.46028519000000045E+000, 9.30382643397058895E-001, 2.46735896936493165E-004
10,96, 9.46028708999999957E+000, 9.30382638098728121E-001, 2.46735912834375351E-004
10,97, 9.46028805000000084E+000, 9.30382637237227805E-001, 2.46735913118630392E-004
10,98, 9.46028899999999950E+000, 9.30382634588062363E-001, 2.46735913469997277E-004
10,99, 9.46029090999999944E+000, 9.30382631077396605E-001, 2.46735929130723086E-004
10,100, 9.46029185999999989E+000, 9.30382628428231162E-001, 2.46735929481910969E-004
10,101, 9.46029376999999982E+000, 9.30382624917566625E-001, 2.46735945142576929E-004
10,102, 9.46029567999999976E+000, 9.30382621406900756E-001, 2.46735960803243378E-004
10,103, 9.46030045000000008E+000, 9.30382611736408793E-001, 2.46735992475882661E-004
10,104, 9.46030425999999913E+000, 9.30382604724056206E-001, 2.46736008600879344E-004
10,105, 9.46030617000000085E+000, 9.30382599416753497E-001, 2.46736024499829578E-004
10,106, 9.46030806999999996E+000, 9.30382595915064337E-001, 2.46736025134264682E-004
10,107, 9.46030997999999990E+000, 9.30382592404402131E-001, 2.46736040794930914E-004
10,108, 9.46031093999999939E+000, 9.30382589746264643E-001, 2.46736041147305239E-004
10,109, 9.46031188999999983E+000, 9.30382588893741147E-001, 2.46736056455596983E-004
10,110, 9.46031284000000028E+000, 9.30382586244576815E-001, 2.46736056806904291E-004
10,111, 9.46031475000000022E+000, 9.30382582733914609E-001, 2.46736072467511162E-004
10,112, 9.46031570000000066E+000, 9.30382580084751498E-001, 2.46736072818877885E-004
10,113, 9.46031666000000016E+000, 9.30382579223254735E-001, 2.46736073103072536E-004
10,114, 9.46031761000000060E+000, 9.30382576574090403E-001, 2.46736088479424963E-004
10,115, 9.46031952000000054E+000, 9.30382573063430751E-001, 2.46736089115105652E-004
10,116, 9.46032046999999920E+000, 9.30382570414267640E-001, 2.46736104491457916E-004
10,117, 9.46032143000000048E+000, 9.30382569552769545E-001, 2.46736104605667773E-004
10,118, 9.46032332999999959E+000, 9.30382566051083937E-001, 2.46736120265147454E-004
10,119, 9.46032429000000086E+000, 9.30382563392947781E-001, 2.46736120787745532E-004
10,120, 9.46032618999999997E+000, 9.30382559891262395E-001, 2.46736136277061146E-004
10,121, 9.46032714999999946E+000, 9.30382557233124685E-001, 2.46736136799719343E-004
10,122, 9.46032905999999940E+000, 9.30382553722466143E-001, 2.46736152460445368E-004
10,123, 9.46033096000000029E+000, 9.30382550220781868E-001, 2.46736152924596167E-004
10,124, 9.46033287000000023E+000, 9.30382546710123104E-001, 2.46736168585322410E-004
10,125, 9.46033478000000017E+000, 9.30382541402824836E-001, 2.46736184484273348E-004
10,126, 9.46033669000000010E+000, 9.30382537892168626E-001, 2.46736185119893865E-004
10,127, 9.46033955000000049E+000, 9.30382531732349083E-001, 2.46736201131867567E-004
10,128, 9.46034144999999960E+000, 9.30382528230665917E-001, 2.46736216791407312E-004
10,129, 9.46034526999999947E+000, 9.30382521209353164E-001, 2.46736232917590113E-004
10,130, 9.46034908000000030E+000, 9.30382512400375394E-001, 2.46736264475902012E-004
10,131, 9.46035290000000018E+000, 9.30382505379064972E-001, 2.46736280772249042E-004
10,132, 9.46035861999999916E+000, 9.30382493059436766E-001, 2.46736312796196229E-004
10,133, 9.46036529999999942E+000, 9.30382479878317459E-001, 2.46736345104397374E-004
10,134, 9.46037388000000057E+000, 9.30382463195524201E-001, 2.46736392901974251E-004
10,135, 9.46038627999999981E+000, 9.30382437694798892E-001, 2.46736472259110294E-004
10,136, 9.46040726000000021E+000, 9.30382395511319182E-001, 2.46736584559060015E-004
10,137, 9.46045493999999998E+000, 9.30382297028257477E-001, 2.46736856446122847E-004
10,138, 9.46058999999999983E+000, 9.30382023114393997E-001, 2.46737608470990952E-004
10,139, 9.46081000000000039E+000, 9.30381575962386909E-001, 2.46738840173420834E-004
10,140, 9.46102999999999916E+000, 9.30381128814649405E-001, 2.46740087071015937E-004
10,141, 9.46124999999999972E+000, 9.30380679874545535E-001, 2.46741319011671003E-004
10,142, 9.46147000000000027E+000, 9.30380234531985262E-001, 2.46742550476147836E-004
10,143, 9.46169000000000082E+000, 9.30379785600420894E-001, 2.46743797612106197E-004
10,144, 9.46190999999999960E+000, 9.30379338469761730E-001, 2.46745029314811141E-004
10,145, 9.46213000000000015E+000, 9.30378891343372039E-001, 2.46746261187732574E-004
10,146, 9.46235000000000070E+000, 9.30378444221252043E-001, 2.46747492890481048E-004
10,147, 9.46256999999999948E+000, 9.30377997103399190E-001, 2.46748739788506092E-004
10,148, 9.46279000000000003E+000, 9.30377549989815700E-001, 2.46749971491425275E-004
10,149, 9.46301000000000059E+000, 9.30377102880501239E-001, 2.46751203194515382E-004
10,150, 9.46322999999999936E+000, 9.30376655775453809E-001, 2.46752450092665272E-004
10,151, 9.46344999999999992E+000, 9.30376206878041456E-001, 2.46753682034065239E-004
10,152, 9.46367000000000047E+000, 9.30375761578163041E-001, 2.46754913498941004E-004
10,153, 9.46388999999999925E+000, 9.30375312689286971E-001, 2.46756145610555399E-004
10,154, 9.46410999999999980E+000, 9.30374865601311440E-001, 2.46757392338905568E-004
10,155, 9.46433000000000035E+000, 9.30374418517602830E-001, 2.46758624042205034E-004
10,156, 9.46454999999999913E+000, 9.30373971438161362E-001, 2.46759855915841661E-004
10,157, 9.46476999999999968E+000, 9.30373524362987703E-001, 2.46761087619245102E-004
10,158, 9.46499000000000024E+000, 9.30373077292080075E-001, 2.46762334518005561E-004
10,159, 9.46521000000000079E+000, 9.30372630225438035E-001, 2.46763566221580577E-004
10,160, 9.46542999999999957E+000, 9.30372181366433515E-001, 2.46764798333534165E-004
10,161, 9.46565000000000012E+000, 9.30371736104955160E-001, 2.46766029799112385E-004
10,162, 9.46587000000000067E+000, 9.30371287254483592E-001, 2.46767276766117136E-004
10,163, 9.46608999999999945E+000, 9.30370840204907457E-001, 2.46768508640136377E-004
10,164, 9.46631000000000000E+000, 9.30370393159598241E-001, 2.46769740343981577E-004
10,165, 9.46653000000000056E+000, 9.30369946118553393E-001, 2.46770972047939045E-004
10,166, 9.46674999999999933E+000, 9.30369499081772910E-001, 2.46772218947133347E-004
10,167, 9.46696999999999989E+000, 9.30369050252632501E-001, 2.46773450889379859E-004
10,168, 9.46719000000000044E+000, 9.30368605021010042E-001, 2.46774682355324377E-004
10,169, 9.46740999999999921E+000, 9.30368156200401253E-001, 2.46775929493005643E-004
10,170, 9.46762999999999977E+000, 9.30367709180681235E-001, 2.46777161197242185E-004
10,171, 9.46785000000000032E+000, 9.30367262165226028E-001, 2.46778392901471409E-004
10,172, 9.46807000000000087E+000, 9.30366815154035964E-001, 2.46779624775979626E-004
10,173, 9.46828999999999965E+000, 9.30366368147109601E-001, 2.46780871675728172E-004
10,174, 9.46851000000000020E+000, 9.30365921144447494E-001, 2.46782103380122140E-004
10,175, 9.46873000000000076E+000, 9.30365474146049865E-001, 2.46783335084747532E-004
10,176, 9.46894999999999953E+000, 9.30365027151914270E-001, 2.46784581984623472E-004
10,177, 9.46917000000000009E+000, 9.30364580162043708E-001, 2.46785813689182401E-004
10,178, 9.46939000000000064E+000, 9.30364133176435959E-001, 2.46787045393853763E-004
10,179, 9.46960999999999942E+000, 9.30363684398469615E-001, 2.46788277507011087E-004
10,180, 9.46982999999999997E+000, 9.30363239218009008E-001, 2.46789508973761220E-004
10,181, 9.47005000000000052E+000, 9.30362790448569066E-001, 2.46790755941867792E-004
10,182, 9.47026999999999930E+000, 9.30362343480013454E-001, 2.46791987817046967E-004
10,183, 9.47048999999999985E+000, 9.30361896515719322E-001, 2.46793234547251718E-004
10,184, 9.47071000000000041E+000, 9.30361449555688003E-001, 2.46794466252256688E-004
10,185, 9.47092999999999918E+000, 9.30361002599918829E-001, 2.46795698127542278E-004
10,186, 9.47114999999999974E+000, 9.30360553851793393E-001, 2.46796930071054542E-004
10,187, 9.47137000000000029E+000, 9.30360108701165367E-001, 2.46798161708223964E-004
10,188, 9.47336999999999918E+000, 9.30356043289906176E-001, 2.46809404895802882E-004
10,189, 9.47499999999999964E+000, 9.30352730195219246E-001, 2.46818569193524013E-004
10,190, 9.47700000000000031E+000, 9.30348665422881416E-001, 2.46829797365178717E-004
10,191, 9.48000000000000043E+000, 9.30342571618934855E-001, 2.46846639444769759E-004
10,192, 9.48399999999999999E+000, 9.30334444184474307E-001, 2.46869126209378273E-004
10,193, 9.49000000000000021E+000, 9.30322259261015083E-001, 2.46902825696984759E-004
10,194, 9.49499999999999922E+000, 9.30312105475347484E-001, 2.46930911477607768E-004
10,195, 9.50500000000000078E+000, 9.30291804477096362E-001, 2.46987083135578444E-004
10,196, 9.50999999999999979E+000, 9.30281659057017429E-001, 2.47015183630258249E-004
10,197, 9.51500000000000057E+000, 9.30271514026037694E-001, 2.47043269540738592E-004
10,198, 9.51999999999999957E+000, 9.30261371178701002E-001, 2.47071355484201395E-004
10,199, 9.52500000000000036E+000, 9.30251232309510123E-001, 2.47099441221938407E-004
10,200, 9.52999999999999936E+000, 9.30241095619928404E-001, 2.47127526822495331E-004
10,201, 9.53999999999999915E+000, 9.30220825178623145E-001, 2.47183713967984175E-004
10,202, 9.55000000000000071E+000, 9.30200565228306187E-001, 2.47239885983380962E-004
11,2, 1.00000000000000000E+001, 9.29307243334086874E-001, 2.49620765557691119E-004
11,3, 1.00099999999999998E+001, 9.29288289606254869E-001, 2.49666262392084356E-004
11,4, 1.00109999999999992E+001, 9.29286394492541690E-001, 2.49670799879556375E-004
11,5, 1.00120000000000005E+001, 9.29284499458521429E-001, 2.49675352742217581E-004
11,6, 1.00122599999999995E+001, 9.29284006870464196E-001, 2.49676531585830475E-004
11,7, 1.00128100000000000E+001, 9.29282965634679936E-001, 2.49679033817997820E-004
11,8, 1.00133600000000005E+001, 9.29281922627417045E-001, 2.49681536462503892E-004
11,9, 1.00139099999999992E+001, 9.29280881439828677E-001, 2.49684038865697082E-004
11,10, 1.00144599999999997E+001, 9.29279840276333702E-001, 2.49686541097060653E-004
11,11, 1.00150100000000002E+001, 9.29278797341357987E-001, 2.49689043740778836E-004
11,12, 1.00155600000000007E+001, 9.29277754430472780E-001, 2.49691546384298610E-004
11,13, 1.00161099999999994E+001, 9.29276713339248550E-001, 2.49694048786428197E-004
11,14, 1.00166599999999999E+001, 9.29275670476539473E-001, 2.49696551257865625E-004
11,15, 1.00172100000000004E+001, 9.29274629433484600E-001, 2.49699053659286361E-004
11,16, 1.00177600000000009E+001, 9.29273586618940661E-001, 2.49701556301647231E-004
11,17, 1.00183099999999996E+001, 9.29272545624042712E-001, 2.49704058531158063E-004
11,18, 1.00188600000000001E+001, 9.29271502857655918E-001, 2.49706561173001606E-004
11,19, 1.00194100000000006E+001, 9.29270461910908452E-001, 2.49709063573488735E-004
11,20, 1.00199599999999993E+001, 9.29269419192667923E-001, 2.49711566043194801E-004
11,21, 1.00205099999999998E+001, 9.29268378294059838E-001, 2.49714068443038456E-004
11,22, 1.00210600000000003E+001, 9.29267335623957469E-001, 2.49716571083912940E-004
11,23, 1.00216100000000008E+001, 9.29266294773480883E-001, 2.49719073311670888E-004
11,24, 1.00221599999999995E+001, 9.29265253947065939E-001, 2.49721560677653993E-004
11,25, 1.00225000000000009E+001, 9.29264609102687600E-001, 2.49723110569457975E-004
11,26, 1.00225375000000003E+001, 9.29264537690249859E-001, 2.49723287587363518E-004
11,27, 1.00225749999999998E+001, 9.29264466277925694E-001, 2.49723464776829471E-004
11,28, 1.00226124999999993E+001, 9.29264396661270919E-001, 2.49723626692074626E-004
11,29, 1.00226500000000005E+001, 9.29264325249170020E-001, 2.49723803881294574E-004
11,30, 1.00226875000000000E+001, 9.29264253837181031E-001, 2.49723966037778886E-004
11,31, 1.00227249999999994E+001, 9.29264182425302177E-001, 2.49724143227231395E-004
11,32, 1.00227625000000007E+001, 9.29264111013536676E-001, 2.49724305383587175E-004
11,33, 1.00228000000000002E+001, 9.29264039601883196E-001, 2.49724482573151899E-004
11,34, 1.00228374999999996E+001, 9.29263969985900329E-001, 2.49724659349719947E-004
11,35, 1.00228750000000009E+001, 9.29263898574468672E-001, 2.49724821506182196E-004
11,36, 1.00229125000000003E+001, 9.29263828958709182E-001, 2.49724983421088700E-004
11,37, 1.00229499999999998E+001, 9.29263755751943976E-001, 2.49725160851831378E-004
11,38, 1.00229874999999993E+001, 9.29263686136407974E-001, 2.49725337800127129E-004
11,39, 1.00230250000000005E+001, 9.29263614725424958E-001, 2.49725499784946947E-004
11,40, 1.00230625000000000E+001, 9.29263543314553964E-001, 2.49725677145932166E-004
11,41, 1.00230999999999995E+001, 9.29263471903795990E-001, 2.49725839130742497E-004
11,42, 1.00231375000000007E+001, 9.29263402288705631E-001, 2.49726016078963655E-004
11,43, 1.00231750000000002E+001, 9.29263330878169702E-001, 2.49726193268315442E-004
11,44, 1.00232124999999996E+001, 9.29263259467747349E-001, 2.49726355424676155E-004
11,45, 1.00232200000000002E+001, 9.29263245903898860E-001, 2.49726387828167287E-004
11,46, 1.00232250000000001E+001, 9.29263236262817038E-001, 2.49726419361221232E-004
11,47, 1.00232299999999999E+001, 9.29263226621736327E-001, 2.49726436032851075E-004
11,48, 1.00232340000000004E+001, 9.29263217831538202E-001, 2.49726452418829695E-004
11,49, 1.00232370000000000E+001, 9.29263213483339068E-001, 2.49726468207614634E-004
11,50, 1.00232399999999995E+001, 9.29263207339581676E-001, 2.49726484237713974E-004
11,51, 1.00232419999999998E+001, 9.29263203842263907E-001, 2.49726484879363414E-004
11,52, 1.00232440000000000E+001, 9.29263200344944362E-001, 2.49726500553822865E-004
11,53, 1.00232460000000003E+001, 9.29263196847627926E-001, 2.49726501023788620E-004
11,54, 1.00232480000000006E+001, 9.29263193350309935E-001, 2.49726516698247855E-004
11,55, 1.00232492999999998E+001, 9.29263188653051353E-001, 2.49726532534124248E-004
11,56, 1.00232495000000004E+001, 9.29263188482874369E-001, 2.49726532557097245E-004
11,57, 1.00232495999999998E+001, 9.29263188397785989E-001, 2.49726532568374682E-004
11,58, 1.00232498000000003E+001, 9.29263188227610448E-001, 2.49726532591227767E-004
11,59, 1.00232498799999998E+001, 9.29263188159540676E-001, 2.49726532600440612E-004
11,60, 1.00232499399999995E+001, 9.29263188108488070E-001, 2.49726532607290547E-004
11,61, 1.00232500000000009E+001, 9.29263188057435241E-001, 2.49726532614140591E-004
11,62, 1.00232506000000008E+001, 9.29263187546907510E-001, 2.49726532682700278E-004
11,63, 1.00232515000000006E+001, 9.29263184985557711E-001, 2.49726533026883998E-004
11,64, 1.00232524999999999E+001, 9.29263184134679343E-001, 2.49726533312713734E-004
11,65, 1.00232533999999998E+001, 9.29263181573329544E-001, 2.49726548689946316E-004
11,66, 1.00232544000000008E+001, 9.29263180722449733E-001, 2.49726548804391770E-004
11,67, 1.00232554000000000E+001, 9.29263178076013108E-001, 2.49726549331535908E-004
11,68, 1.00232562999999999E+001, 9.29263177310223010E-001, 2.49726549434345162E-004
11,69, 1.00232568000000004E+001, 9.29263175089223847E-001, 2.49726564765991163E-004
11,70, 1.00232572999999991E+001, 9.29263174663784719E-001, 2.49726564823034508E-004
11,71, 1.00232577999999997E+001, 9.29263172442787333E-001, 2.49726565293075615E-004
11,72, 1.00232585000000007E+001, 9.29263171847172664E-001, 2.49726565373091524E-004
11,73, 1.00232589999999995E+001, 9.29263171421733314E-001, 2.49726565430254403E-004
11,74, 1.00232595000000000E+001, 9.29263170996294074E-001, 2.49726565487417228E-004
11,75, 1.00232597999999999E+001, 9.29263168945472007E-001, 2.49726580796090340E-004
11,76, 1.00232598999999993E+001, 9.29263168860383515E-001, 2.49726580807546942E-004
11,77, 1.00232600000000005E+001, 9.29263168775296688E-001, 2.49726580818943424E-004
11,78, 1.00232600999999999E+001, 9.29263168690208197E-001, 2.49726580830340287E-004
11,79, 1.00232604999999992E+001, 9.29263168349857338E-001, 2.49726580876106249E-004
11,80, 1.00232609999999998E+001, 9.29263167924418099E-001, 2.49726581104892749E-004
11,81, 1.00232615000000003E+001, 9.29263167498978748E-001, 2.49726581162055628E-004
11,82, 1.00232638999999999E+001, 9.29263161865754528E-001, 2.49726597123535541E-004
11,83, 1.00232648999999991E+001, 9.29263161014875938E-001, 2.49726597237980724E-004
11,84, 1.00232668000000000E+001, 9.29263155807090624E-001, 2.49726598109248897E-004
11,85, 1.00232676999999999E+001, 9.29263155041300526E-001, 2.49726613245226925E-004
11,86, 1.00232686999999991E+001, 9.29263152394865344E-001, 2.49726613600806965E-004
11,87, 1.00232697000000002E+001, 9.29263151543986754E-001, 2.49726613886636865E-004
11,88, 1.00232706000000000E+001, 9.29263148982639731E-001, 2.49726629263988871E-004
11,89, 1.00232715999999993E+001, 9.29263148131761252E-001, 2.49726629378314575E-004
11,90, 1.00232724999999991E+001, 9.29263145570412674E-001, 2.49726629893942697E-004
11,91, 1.00232735000000002E+001, 9.29263144719535639E-001, 2.49726630008327761E-004
11,92, 1.00232744000000000E+001, 9.29263142158188615E-001, 2.49726645385679930E-004
11,93, 1.00232753999999993E+001, 9.29263139511753211E-001, 2.49726645912764329E-004
11,94, 1.00232762999999991E+001, 9.29263138745963113E-001, 2.49726646015693170E-004
11,95, 1.00232773000000002E+001, 9.29263136099527709E-001, 2.49726646371273373E-004
11,96, 1.00232782000000000E+001, 9.29263135333737389E-001, 2.49726661678815716E-004
11,97, 1.00232800999999991E+001, 9.29263131921513108E-001, 2.49726662137145271E-004
11,98, 1.00232811000000002E+001, 9.29263129275077704E-001, 2.49726662492904747E-004
11,99, 1.00232820999999994E+001, 9.29263128424200446E-001, 2.49726677811963214E-004
11,100, 1.00232829999999993E+001, 9.29263125862853423E-001, 2.49726678156146609E-004
11,101, 1.00232849000000002E+001, 9.29263122450630696E-001, 2.49726693819268721E-004
11,102, 1.00232858999999994E+001, 9.29263119804195292E-001, 2.49726694174729554E-004
11,103, 1.00232875000000003E+001, 9.29263116647234821E-001, 2.49726694770552370E-004
11,104, 1.00233249999999998E+001, 9.29263047032704348E-001, 2.49726871718635346E-004
11,105, 1.00233624999999993E+001, 9.29262975622727749E-001, 2.49727033703473704E-004
11,106, 1.00234000000000005E+001, 9.29262904212864393E-001, 2.49727210892923773E-004
11,107, 1.00234375000000000E+001, 9.29262832803111394E-001, 2.49727373049257273E-004
11,108, 1.00234749999999995E+001, 9.29262763189029228E-001, 2.49727549997444062E-004
11,109, 1.00235125000000007E+001, 9.29262691779499717E-001, 2.49727727186944384E-004
11,110, 1.00235500000000002E+001, 9.29262620370082115E-001, 2.49727889343204701E-004
11,111, 1.00235874999999997E+001, 9.29262548960777868E-001, 2.49728066532697759E-004
11,112, 1.00236249999999991E+001, 9.29262477551583865E-001, 2.49728228689008762E-004
11,113, 1.00236625000000004E+001, 9.29262407938058921E-001, 2.49728405465553770E-004
11,114, 1.00236999999999998E+001, 9.29262336529090183E-001, 2.49728567621914645E-004
11,115, 1.00237374999999993E+001, 9.29262265120231579E-001, 2.49728744811334412E-004
11,116, 1.00237750000000005E+001, 9.29262193711486217E-001, 2.49728922000751034E-004
11,117, 1.00238125000000000E+001, 9.29262124098408582E-001, 2.49729083915779999E-004
11,118, 1.00238499999999995E+001, 9.29262050894328340E-001, 2.49729261346688615E-004
11,119, 1.00238875000000007E+001, 9.29261981281475524E-001, 2.49729423261647702E-004
11,120, 1.00239250000000002E+001, 9.29261909873177472E-001, 2.49729600279486187E-004
11,121, 1.00239624999999997E+001, 9.29261838464989776E-001, 2.49729777468826698E-004
11,122, 1.00239999999999991E+001, 9.29261767056914101E-001, 2.49729939625331556E-004
11,123, 1.00243599999999997E+001, 9.29261087290864429E-001, 2.49731570582042821E-004
11,124, 1.00249100000000002E+001, 9.29260044789168793E-001, 2.49734073049490168E-004
11,125, 1.00254600000000007E+001, 9.29259002311522697E-001, 2.49736575688131628E-004
11,126, 1.00260099999999994E+001, 9.29257961653476849E-001, 2.49739077913798747E-004
11,127, 1.00265599999999999E+001, 9.29256921019474991E-001, 2.49741580310591511E-004
11,128, 1.00271100000000004E+001, 9.29255878613960862E-001, 2.49744082948473922E-004
11,129, 1.00276599999999991E+001, 9.29254836232487724E-001, 2.49746585586286401E-004
11,130, 1.00282099999999996E+001, 9.29253795670601512E-001, 2.49749087810687931E-004
11,131, 1.00287600000000001E+001, 9.29252753337199922E-001, 2.49751590447760063E-004
11,132, 1.00293100000000006E+001, 9.29251712823379927E-001, 2.49754092843455669E-004
11,133, 1.00298599999999993E+001, 9.29250672333587935E-001, 2.49756595067149160E-004
11,134, 1.00304099999999998E+001, 9.29249630072277011E-001, 2.49759097703469832E-004
11,135, 1.00309600000000003E+001, 9.29248587834992756E-001, 2.49761600339424585E-004
11,136, 1.00315100000000008E+001, 9.29247547417276443E-001, 2.49764102733865715E-004
11,137, 1.00320599999999995E+001, 9.29246507023580026E-001, 2.49766604956544339E-004
11,138, 1.00326100000000000E+001, 9.29245464858357462E-001, 2.49769107591812792E-004
11,139, 1.00331600000000005E+001, 9.29244422717153684E-001, 2.49771610226836107E-004
11,140, 1.00337099999999992E+001, 9.29243382395502637E-001, 2.49774112448581938E-004
11,141, 1.00342599999999997E+001, 9.29242342097861829E-001, 2.49776614841880644E-004
11,142, 1.00350000000000001E+001, 9.29240941026124756E-001, 2.49779973640855380E-004
11,143, 1.00359999999999996E+001, 9.29239047900561665E-001, 2.49784526310705541E-004
11,144, 1.00370000000000008E+001, 9.29237154854345659E-001, 2.49789078979747970E-004
11,145, 1.00380000000000003E+001, 9.29235261887458086E-001, 2.49793631647866931E-004
11,146, 1.00389999999999997E+001, 9.29233368999888620E-001, 2.49798169281831685E-004
11,147, 1.00399999999999991E+001, 9.29231476191621497E-001, 2.49802721948258694E-004
11,148, 1.00449999999999999E+001, 9.29222015134853252E-001, 2.49825469992617159E-004
11,149, 1.00500000000000007E+001, 9.29212554263029733E-001, 2.49848218256921919E-004
11,150, 1.00549999999999997E+001, 9.29203097165440917E-001, 2.49870951396411541E-004
11,151, 1.00600000000000005E+001, 9.29193640249338704E-001, 2.49893699618155835E-004
11,152, 1.00649999999999995E+001, 9.29184187103979875E-001, 2.49916447577368380E-004
11,153, 1.00700000000000003E+001, 9.29174735932130957E-001, 2.49939180481961211E-004
11,154, 1.00749999999999993E+001, 9.29165284936597891E-001, 2.49961928640978067E-004
11,155, 1.00800000000000001E+001, 9.29155837706588605E-001, 2.49984676709636160E-004
12,2, 1.02599999999999998E+001, 9.28817002770937150E-001, 2.50803459005363738E-004
12,3, 1.02699999999999996E+001, 9.28798251816487008E-001, 2.50848953891356604E-004
12,4, 1.02799999999999994E+001, 9.28779510274639897E-001, 2.50894433267648037E-004
12,5, 1.02899999999999991E+001, 9.28760774542076395E-001, 2.50939913000774258E-004
12,6, 1.02949999999999999E+001, 9.28751408625821173E-001, 2.50962660399780841E-004
12,7, 1.03000000000000007E+001, 9.28742046400821808E-001, 2.50985407542282212E-004
12,8, 1.03100000000000005E+001, 9.28723325837822355E-001, 2.51030902200905578E-004
12,9, 1.03200000000000003E+001, 9.28704612840060451E-001, 2.51076381596441870E-004
12,10, 1.03300000000000001E+001, 9.28685907394548815E-001, 2.51121860938993257E-004
12,11, 1.03399999999999999E+001, 9.28667209488337919E-001, 2.51167355439401818E-004
12,12, 1.03442000000000007E+001, 9.28659358217944653E-001, 2.51186454743495332E-004
12,13, 1.03449333299999999E+001, 9.28657987557019227E-001, 2.51189796113147977E-004
12,14, 1.03456666700000000E+001, 9.28656616928273726E-001, 2.51193137655815002E-004
12,15, 1.03463999999999992E+001, 9.28655246348226049E-001, 2.51196464159635666E-004
12,16, 1.03471333300000001E+001, 9.28653875808607920E-001, 2.51199805528374491E-004
12,17, 1.03478666700000002E+001, 9.28652505301154174E-001, 2.51203147070310764E-004
12,18, 1.03485999999999994E+001, 9.28651134842383486E-001, 2.51206473401002122E-004
12,19, 1.03493333300000003E+001, 9.28649764424027580E-001, 2.51209814941169899E-004
12,20, 1.03500666700000004E+001, 9.28648394037823732E-001, 2.51213141272486353E-004
12,21, 1.03507999999999996E+001, 9.28647025495245804E-001, 2.51216482569408331E-004
12,22, 1.03515333300000005E+001, 9.28645655198104825E-001, 2.51219808898971088E-004
12,23, 1.03522666700000006E+001, 9.28644284933100916E-001, 2.51223150439440924E-004
12,24, 1.03529999999999998E+001, 9.28642914716744872E-001, 2.51226491806128330E-004
12,25, 1.03530916699999995E+001, 9.28642742093223728E-001, 2.51226896609067654E-004
12,26, 1.03531833300000002E+001, 9.28642571273551432E-001, 2.51227331243538646E-004
12,27, 1.03532750000000000E+001, 9.28642400446250682E-001, 2.51227735631563991E-004
12,28, 1.03533666699999998E+001, 9.28642227824624134E-001, 2.51228155300070100E-004
12,29, 1.03534583300000005E+001, 9.28642057006842769E-001, 2.51228574896718163E-004
12,30, 1.03535500000000003E+001, 9.28641886181436171E-001, 2.51228994322410366E-004
12,31, 1.03536416700000000E+001, 9.28641715356660513E-001, 2.51229413920243082E-004
12,32, 1.03537333300000007E+001, 9.28641544540773189E-001, 2.51229818307132074E-004
12,33, 1.03538250000000005E+001, 9.28641371922301895E-001, 2.51230237975438961E-004
12,34, 1.03539166700000003E+001, 9.28641201099418834E-001, 2.51230657573340416E-004
12,35, 1.03540083299999992E+001, 9.28641030285422886E-001, 2.51231077170067897E-004
12,36, 1.03541000000000007E+001, 9.28640857668844744E-001, 2.51231496838568151E-004
12,37, 1.03541916700000005E+001, 9.28640686847854724E-001, 2.51231916264144670E-004
12,38, 1.03542833299999995E+001, 9.28640516035751595E-001, 2.51232320823194721E-004
12,39, 1.03543749999999992E+001, 9.28640345216023455E-001, 2.51232740248795525E-004
12,40, 1.03544000000000000E+001, 9.28640297650616620E-001, 2.51232853496901839E-004
12,41, 1.03544666700000008E+001, 9.28640174396926033E-001, 2.51233159846656756E-004
12,42, 1.03545583299999997E+001, 9.28640001791758318E-001, 2.51233579513860197E-004
12,43, 1.03546499999999995E+001, 9.28639830973921665E-001, 2.51233998939472819E-004
12,44, 1.03547416699999992E+001, 9.28639658361761766E-001, 2.51234418780199511E-004
12,45, 1.03548333400000008E+001, 9.28639487545187325E-001, 2.51234823340231849E-004
12,46, 1.03549249999999997E+001, 9.28639316737500109E-001, 2.51235242764695488E-004
12,47, 1.03550166699999995E+001, 9.28639145922187548E-001, 2.51235662190300358E-004
12,48, 1.03551083399999992E+001, 9.28638975107504594E-001, 2.51236081788166197E-004
12,49, 1.03551233000000007E+001, 9.28638946602105775E-001, 2.51236146656116509E-004
12,50, 1.03551465999999994E+001, 9.28638904031510837E-001, 2.51236259056341433E-004
12,51, 1.03551570999999996E+001, 9.28638882798175080E-001, 2.51236292692940256E-004
12,52, 1.03551634000000004E+001, 9.28638872212123601E-001, 2.51236324544827270E-004
12,53, 1.03551678000000003E+001, 9.28638863194685582E-001, 2.51236340974433968E-004
12,54, 1.03551710999999997E+001, 9.28638856880345420E-001, 2.51236357038572540E-004
12,55, 1.03551736999999999E+001, 9.28638852938871717E-001, 2.51236372781632228E-004
12,56, 1.03551757999999996E+001, 9.28638847615235297E-001, 2.51236388711823205E-004
12,57, 1.03551775999999993E+001, 9.28638844334228719E-001, 2.51236389327789305E-004
12,58, 1.03551792000000003E+001, 9.28638843013294357E-001, 2.51236404544201257E-004
12,59, 1.03551806000000006E+001, 9.28638840062522730E-001, 2.51236405115537909E-004
12,60, 1.03551818000000004E+001, 9.28638837276867246E-001, 2.51236405492283148E-004
12,61, 1.03551829000000009E+001, 9.28638836368725351E-001, 2.51236420652908670E-004
12,62, 1.03551839000000001E+001, 9.28638833748187120E-001, 2.51236421179616308E-004
12,63, 1.03551848000000000E+001, 9.28638831210206406E-001, 2.51236421523009373E-004
12,64, 1.03551856999999998E+001, 9.28638830467181875E-001, 2.51236436661140953E-004
12,65, 1.03551865000000003E+001, 9.28638828011761341E-001, 2.51236437165653346E-004
12,66, 1.03551871999999996E+001, 9.28638827433851510E-001, 2.51236437243694923E-004
12,67, 1.03551879000000007E+001, 9.28638825060989825E-001, 2.51236437564713092E-004
12,68, 1.03551886000000000E+001, 9.28638824483081438E-001, 2.51236437642873768E-004
12,69, 1.03551892999999993E+001, 9.28638823905173050E-001, 2.51236452930968127E-004
12,70, 1.03551898999999992E+001, 9.28638821614868548E-001, 2.51236453240889161E-004
12,71, 1.03551905000000009E+001, 9.28638821119519009E-001, 2.51236453307772888E-004
12,72, 1.03551911000000008E+001, 9.28638820624167693E-001, 2.51236453374776637E-004
12,73, 1.03551917000000007E+001, 9.28638820128819709E-001, 2.51236453441779518E-004
12,74, 1.03551923000000006E+001, 9.28638817838515207E-001, 2.51236453923858033E-004
12,75, 1.03551927999999993E+001, 9.28638815630768000E-001, 2.51236469260219066E-004
12,76, 1.03551933999999992E+001, 9.28638815135418128E-001, 2.51236469327282229E-004
12,77, 1.03551939999999991E+001, 9.28638814640068477E-001, 2.51236469394285544E-004
12,78, 1.03551946000000008E+001, 9.28638812349763976E-001, 2.51236469876364114E-004
12,79, 1.03551953000000001E+001, 9.28638811771855699E-001, 2.51236469954464997E-004
12,80, 1.03551959999999994E+001, 9.28638811193948865E-001, 2.51236470032565554E-004
12,81, 1.03551967999999999E+001, 9.28638808738528110E-001, 2.51236485402517664E-004
12,82, 1.03551976999999997E+001, 9.28638807995503690E-001, 2.51236485675090482E-004
12,83, 1.03552000000000000E+001, 9.28638804301709087E-001, 2.51236501212461351E-004
12,84, 1.03552023000000002E+001, 9.28638798812961075E-001, 2.51236502127250266E-004
12,85, 1.03552032000000001E+001, 9.28638796274981693E-001, 2.51236517680517545E-004
12,86, 1.03552040000000005E+001, 9.28638795614515900E-001, 2.51236517769895106E-004
12,87, 1.03552046999999998E+001, 9.28638795036609066E-001, 2.51236517848055457E-004
12,88, 1.03552053999999991E+001, 9.28638792663747159E-001, 2.51236518169014103E-004
12,89, 1.03552060000000008E+001, 9.28638792168397509E-001, 2.51236518236017472E-004
12,90, 1.03552066000000007E+001, 9.28638791673047748E-001, 2.51236518475297910E-004
12,91, 1.03552072000000006E+001, 9.28638789382743246E-001, 2.51236533822756728E-004
12,92, 1.03552076999999993E+001, 9.28638788969953888E-001, 2.51236533878602302E-004
12,93, 1.03552082999999993E+001, 9.28638788474604238E-001, 2.51236533945605671E-004
12,94, 1.03552088999999992E+001, 9.28638786184299625E-001, 2.51236534427624664E-004
12,95, 1.03552095000000008E+001, 9.28638785688951529E-001, 2.51236534494747132E-004
12,96, 1.03552101000000008E+001, 9.28638783398648471E-001, 2.51236549842145940E-004
12,97, 1.03552107000000007E+001, 9.28638782903298710E-001, 2.51236549909268896E-004
12,98, 1.03552114000000000E+001, 9.28638782325391876E-001, 2.51236549987309660E-004
12,99, 1.03552120999999993E+001, 9.28638779952529969E-001, 2.51236550308388002E-004
12,100, 1.03552128000000003E+001, 9.28638779374623136E-001, 2.51236550558705835E-004
12,101, 1.03552134999999996E+001, 9.28638778796716080E-001, 2.51236550636985828E-004
12,102, 1.03552143000000001E+001, 9.28638776341297101E-001, 2.51236566006818676E-004
12,103, 1.03552152000000000E+001, 9.28638775598272459E-001, 2.51236566107174326E-004
12,104, 1.03552160999999998E+001, 9.28638773060294520E-001, 2.51236566622844136E-004
12,105, 1.03552171000000008E+001, 9.28638772234714360E-001, 2.51236566734416129E-004
12,106, 1.03552181999999995E+001, 9.28638769531620278E-001, 2.51236582137780802E-004
12,107, 1.03552193999999993E+001, 9.28638766745969013E-001, 2.51236582686922047E-004
12,108, 1.03552207999999997E+001, 9.28638763795200273E-001, 2.51236583086041261E-004
12,109, 1.03552224000000006E+001, 9.28638760679316944E-001, 2.51236598717468945E-004
12,110, 1.03552242000000003E+001, 9.28638757398317360E-001, 2.51236614371151451E-004
12,111, 1.03552263000000000E+001, 9.28638753869643119E-001, 2.51236614848669921E-004
12,112, 1.03552289000000002E+001, 9.28638749928179297E-001, 2.51236630591669978E-004
12,113, 1.03552321999999997E+001, 9.28638743613854900E-001, 2.51236646655748430E-004
12,114, 1.03552365999999996E+001, 9.28638734596441306E-001, 2.51236663257750539E-004
12,115, 1.03552429000000004E+001, 9.28638724010427019E-001, 2.51236695109636793E-004
12,116, 1.03552534000000005E+001, 9.28638704572121942E-001, 2.51236743541031647E-004
12,117, 1.03552766999999992E+001, 9.28638660206799638E-001, 2.51236841146451216E-004
12,118, 1.03552916699999997E+001, 9.28638631693333605E-001, 2.51236906015613124E-004
12,119, 1.03553833399999995E+001, 9.28638460880544137E-001, 2.51237325441031186E-004
12,120, 1.03554750000000002E+001, 9.28638288281686153E-001, 2.51237745280592415E-004
12,121, 1.03555666700000000E+001, 9.28638117470157565E-001, 2.51238164706098406E-004
12,122, 1.03556583399999997E+001, 9.28637946659260027E-001, 2.51238584303865148E-004
12,123, 1.03557500000000005E+001, 9.28637775857249936E-001, 2.51239003728300056E-004
12,124, 1.03558416700000002E+001, 9.28637605047611614E-001, 2.51239408116081238E-004
12,125, 1.03559333400000000E+001, 9.28637434238607895E-001, 2.51239827713915418E-004
12,126, 1.03560250000000007E+001, 9.28637261643533329E-001, 2.51240247381164720E-004
12,127, 1.03561166700000005E+001, 9.28637090835788714E-001, 2.51240666978967784E-004
12,128, 1.03562083400000002E+001, 9.28636918233722630E-001, 2.51241086647224256E-004
12,129, 1.03562999999999992E+001, 9.28636747435495513E-001, 2.51241506243837895E-004
12,130, 1.03563916700000007E+001, 9.28636576629643606E-001, 2.51241910631622330E-004
12,131, 1.03564833400000005E+001, 9.28636405824421196E-001, 2.51242330229418237E-004
12,132, 1.03565749999999994E+001, 9.28636235028086343E-001, 2.51242749653881985E-004
12,133, 1.03566666699999992E+001, 9.28636064224125146E-001, 2.51243169079308016E-004
12,134, 1.03574000000000002E+001, 9.28634694250002668E-001, 2.51246495578971414E-004
12,135, 1.03581333299999994E+001, 9.28633324316235576E-001, 2.51249837116113779E-004
12,136, 1.03588666699999994E+001, 9.28631954414563476E-001, 2.51253178481913983E-004
12,137, 1.03596000000000004E+001, 9.28630582766542867E-001, 2.51256505223661675E-004
12,138, 1.03603333299999996E+001, 9.28629212953810512E-001, 2.51259846587728835E-004
12,139, 1.03610666699999996E+001, 9.28627843173159606E-001, 2.51263188125072970E-004
12,140, 1.03618000000000006E+001, 9.28626473441090061E-001, 2.51266514450966733E-004
12,141, 1.03625333299999998E+001, 9.28625103749343594E-001, 2.51269855986518628E-004
12,142, 1.03632666699999998E+001, 9.28623734089667474E-001, 2.51273182485109968E-004
12,143, 1.03640000000000008E+001, 9.28622364478554951E-001, 2.51276523848048745E-004
12,144, 1.03647333300000000E+001, 9.28620994907753072E-001, 2.51279865382993378E-004
12,145, 1.03654666700000000E+001, 9.28619625369004553E-001, 2.51283191708633654E-004
12,146, 1.03661999999999992E+001, 9.28618255878804089E-001, 2.51286533242952269E-004
12,147, 1.03699999999999992E+001, 9.28611160876471220E-001, 2.51303808223203183E-004
12,148, 1.03750000000000000E+001, 9.28601826899815963E-001, 2.51326555346702122E-004
12,149, 1.03800000000000008E+001, 9.28592492998594810E-001, 2.51349302529091238E-004
12,150, 1.03849999999999998E+001, 9.28583162761042802E-001, 2.51372049457077300E-004
12,151, 1.03900000000000006E+001, 9.28573832595751658E-001, 2.51394796616852235E-004
12,152, 1.03949999999999996E+001, 9.28564506090921560E-001, 2.51417528656633588E-004
12,153, 1.04000000000000004E+001, 9.28555181450058664E-001, 2.51440275551210557E-004
12,154, 1.04049999999999994E+001, 9.28545856876711873E-001, 2.51463022677870704E-004
12,155, 1.04100000000000001E+001, 9.28536535959030074E-001, 2.51485754512481433E-004
12,156, 1.04149999999999991E+001, 9.28527215105705683E-001, 2.51508501617815974E-004
12,157, 1.04199999999999999E+001, 9.28517896110024332E-001, 2.51531248885142572E-004
12,158, 1.04250000000000007E+001, 9.28508580765232572E-001, 2.51553995726684057E-004
12,159, 1.04299999999999997E+001, 9.28499265480083436E-001, 2.51576742801271546E-004
12,160, 1.04350000000000005E+001, 9.28489953842648319E-001, 2.51599474756238907E-004
12,161, 1.04399999999999995E+001, 9.28480644056522197E-001, 2.51622221567736229E-004
12,162, 1.04450000000000003E+001, 9.28471334325342346E-001, 2.51644968612684179E-004
12,163, 1.04499999999999993E+001, 9.28462028237127646E-001, 2.51667700365814458E-004
