index,M_MeV,G_MeV,Br_ee,dM,dG,dBr,Elo_GeV,Ehi_GeV
1, 7.75110000000000014E+002, 1.49099999999999994E+002, 4.72000000000000021E-005, 3.40000000000000024E-001, 8.00000000000000044E-001, 4.99999999999999977E-007, 2.79140780000000033E-001, 8.10699999999999976E-001
2, 7.82659999999999968E+002, 8.67999999999999972E+000, 7.40999999999999987E-005, 1.30000000000000004E-001, 1.30000000000000004E-001, 1.90000000000000002E-006, 7.57000000000000006E-001, 8.10699999999999976E-001
3, 1.01946000000000004E+003, 4.24899999999999967E+000, 2.96399999999999995E-004, 1.60000000000000003E-002, 1.60000000000000003E-002, 3.30000000000000017E-006, 1.00000000000000000E+000, 1.04000000000000004E+000
4, 3.09690000000000009E+003, 9.26000000000000018E-002, 5.97099999999999992E-002, 6.00000000000000012E-003, 1.69999999999999991E-003, 3.20000000000000026E-004, 3.09299999999999997E+000, 3.10199999999999987E+000
5, 3.68609700000000021E+003, 2.92999999999999983E-001, 7.93999999999999914E-003, 1.00000000000000002E-002, 1.60000000000000003E-002, 2.20000000000000008E-004, 3.68559999999999999E+000, 3.68760999999999983E+000
6, 3.77809999999999991E+003, 2.75000000000000000E+001, 9.59999999999999957E-006, 6.99999999999999956E-001, 9.00000000000000022E-001, 6.99999999999999968E-007, 3.69399999999999995E+000, 3.90941999999999990E+000
7, 4.03959999999999991E+003, 8.45000000000000000E+001, 1.02000000000000006E-005, 4.29999999999999982E+000, 1.23000000000000007E+001, 1.70000000000000003E-006, 3.69499999999999984E+000, 4.43900000000000006E+000
8, 4.19100000000000000E+003, 9.60000000000000000E+001, 6.90000000000000001E-006, 5.00000000000000000E+000, 1.00000000000000000E+001, 3.30000000000000017E-006, 3.69600000000000017E+000, 4.66800000000000015E+000
9, 4.41500000000000000E+003, 1.10000000000000000E+002, 3.19999999999999986E-006, 5.00000000000000000E+000, 1.30000000000000000E+001, 1.19999999999999995E-006, 4.11099999999999977E+000, 4.73099999999999987E+000
10, 9.46039999999999964E+003, 5.40199999999999986E-002, 2.39000000000000011E-002, 1.00000000000000006E-001, 1.25000000000000003E-003, 8.00000000000000038E-004, 9.46023800000000037E+000, 9.46056199999999947E+000
11, 1.00233999999999996E+004, 3.19600000000000023E-002, 1.90999999999999989E-002, 5.00000000000000000E-001, 2.62999999999999996E-003, 1.60000000000000008E-003, 1.00233000000000008E+001, 1.00235000000000003E+001
12, 1.03551000000000004E+004, 2.03200000000000013E-002, 2.17999999999999999E-002, 5.00000000000000000E-001, 1.85000000000000008E-003, 2.00000000000000004E-003, 1.03550400000000007E+001, 1.03551599999999997E+001
13, 1.05793999999999996E+004, 2.05000000000000000E+001, 1.56999999999999988E-005, 1.19999999999999996E+000, 2.50000000000000000E+000, 7.99999999999999964E-007, 1.05178999999999991E+001, 1.06409000000000002E+001
14, 1.08852000000000007E+004, 3.70000000000000000E+001, 8.30000000000000015E-006, 2.00000000000000000E+000, 4.00000000000000000E+000, 2.09999999999999980E-006, 1.07742000000000004E+001, 1.09962000000000000E+001
15, 1.10000000000000000E+004, 2.40000000000000000E+001, 5.39999999999999997E-006, 4.00000000000000000E+000, 7.00000000000000000E+000, 1.99999999999999991E-006, 1.09280000000000008E+001, 1.10719999999999992E+001
